Ohio St.,123.2,90,0.9737,32–2,32,34,56,48.4,37.8,20.9,15.8,23.3,35.3,28.1,64.4,53.2,47.1,41.3,33.9,9.5,8.2,56.9,51,32.2,34.8,65.6,77.66305459006338,79.5845,1.5747149429885976,2011,-1.4,-1.2894736839999998,91.34792,,70.5,72.8,1.194,0.927,31.136532352941
Kansas,120,89.4,0.9672,32–2,32,34,57.7,44.7,40.6,32.8,19.1,20.3,36.5,28,70.2,57.5,44.9,38.7,29.4,10.8,7.2,60.4,49,32.6,33.6,69.7,77.87132725430598,81.06500000000001,1.9926000000000004,2011,0.3,-0.28947368399999984,76.47916,,68.1,72.9,1.169,0.926,26.503873529412
Duke,118.3,88.9,0.9639,30–4,30,34,53.6,43.8,37.4,30.2,17.3,21.3,35.4,33.5,70.6,52.1,42.6,37.5,31.6,9.7,7.7,51.3,49.8,35.6,24.2,70.2,77.94117647058825,81.818,1.6685337067413482,2011,-0.6,-1.2894736839999998,77.81512,,75,64.4,1.149,0.911,29.300047058824
Texas,113.7,87.7,0.9519,27–7,27,34,50.3,42,43.2,31.1,17.3,19,38.2,30.3,67.8,48.1,41.5,37.7,29,11.3,6.8,50.9,41.2,26,25.6,67,76.8271778402248,79.8925,1.4698000000000002,2011,-1,-0.5460526320000001,87.74548,,64.5,68.6,1.097,0.899,27.861605882353
Pittsburgh,119,92.5,0.9477,27–5,27,32,52.8,45.1,43.3,32.4,18.3,17.8,42.8,29.1,63.5,50.6,43.3,39,32.6,9.3,10.4,66.6,53.7,27.4,32.4,63.8,77.08971732896354,80.32700000000001,1.9998,2011,-1.6,-2.289473684,80.027,,67.2,67.1,1.162,0.957,29.6837125
Kentucky,118.4,92.2,0.9467,25–8,25,33,52.4,44,37.1,30.7,15.9,18.3,35.2,30.8,66.9,49,41.6,39.7,33.2,15.4,9.1,47.4,48.9,31.9,29.9,66.9,78.4329292929293,80.839,1.1471999999999998,2011,2.1,2.4539473679999997,86.89920000000001,,71.8,71.7,1.139,0.951,30.749912121212
Wisconsin,121.6,95.5,0.9415,23–8,23,31,52,48.3,28,31.4,12.8,16.8,34.2,27,57.1,49.5,45.1,37.1,37.5,9.1,6,55.1,46.3,40.5,28.7,57.9,77.66869492236675,80.64699999999999,1.9776089564174328,2011,0.4,0.4539473679999999,66.99399999999999,,82.4,75,1.185,1.014,34.801103225806
Notre Dame,121.8,96.2,0.9378,26–6,26,32,54.1,46.7,45.4,25.5,16.4,15.9,33.8,29.9,64.2,51.2,43.7,39.2,35,9.4,9.4,66.6,56.1,38.4,33,64.6,78.32290594772589,80.127,2.260252050410082,2011,-1.1,-1.3289473680000001,57.6238,,72.5,71.3,1.165,1.006,33.255825
Purdue,113.7,89.8,0.9378,25–7,25,32,50.8,45.8,35.1,31.4,15.6,21.7,32,30,66.1,48.7,44.5,36.7,32.8,10.5,8.6,61.6,54.7,33,27.4,67.1,76.27397260273973,79.791,1.7879575915183037,2011,-1.2,-0.8486842109999999,77.58772,,71.2,69.4,1.096,0.927,34.11923125
San Diego St.,112.3,89.9,0.9281,30–2,30,32,50.8,43.9,32.7,28.9,17.2,19.9,37.6,30,64.1,51.1,43.2,33.6,30.5,12.4,7.3,50.7,49.1,30.2,29.7,63.9,77.16401240951396,80.1605,2.0761847630473906,2011,-0.3,-0.32894736800000013,41.70124,,70,71.9,1.109,0.919,24.55535625
Louisville,111.4,89.7,0.9235,25–9,25,34,52.5,44.5,29.8,40,18.9,23.2,35.2,35,67.9,51.5,43.8,36.1,30.6,13.4,7.5,64.1,51.8,40.5,33,68,76.12116250511666,80.3405,1.5907544526716024,2011,-1.9,-1.546052632,60.09299999999999,,66.9,69.8,1.091,0.935,30.742661764706
Illinois,113.4,91.5,0.9218,19–13,19,32,52.8,45.4,28.6,32.5,19.1,18.4,32.1,31.9,66.3,50.4,45.2,38.7,30.5,12.4,7.5,63,53,31.4,34.8,66.9,79.00984817398441,82.6065,1.9658068386322745,2011,0.1,0.388157895,69.31836000000001,,72.9,72.3,1.071,0.98,35.02103125
BYU,116.7,94.2,0.9215,29–4,29,33,51.8,46.5,39,33.2,15.3,20.3,31.5,28.7,71.2,50.4,44.7,36.1,33.9,10.2,8.4,51.8,50.3,37.1,30.1,71.4,77.47575885328837,80.021,1.951390278055611,2011,0.1,0.1513157890000001,23.024760000000008,,75.6,69,1.133,0.946,24.95273030303
North Carolina,110.2,89.1,0.9201,26–7,26,33,49.2,46.1,37.9,24.8,18.7,19.6,37.2,29.8,72.1,48.9,44.5,33.3,32.7,13.1,6.4,54.9,49.6,25.3,34.8,71.7,78.61332250203087,82.24799999999999,1.0884530718431056,2011,1.2,0.6710526319999999,91.17251999999999,,66.3,65,1.06,0.937,33.486278787879
Syracuse,113.5,91.9,0.9189,25–7,25,32,52.8,45.2,35.6,29.4,18.3,20.7,37,33.5,66.3,52.5,44.5,35.7,30.8,19.4,7.8,60.1,63.7,31.4,39,66.5,78.46424167694204,81.25999999999999,1.3941999999999997,2011,-0.8,-0.8486842109999999,80.00552,,66,66.3,1.107,0.95,31.25345
Washington,116.9,94.7,0.9185,23–10,23,33,53.9,46.1,32.5,44.5,17,20.5,38,31.8,72.4,52.9,45.2,37.1,32.2,12.9,6.8,56.5,45.3,36.8,28.1,72.2,76.93217601937826,80.8055,1.9179835967193428,2011,-0.3,0.09868421000000005,72.55780000000001,,66.7,67.6,1.147,0.966,26.1054
West Virginia,113.3,93.3,0.9032,20–11,20,31,48.4,45.6,40.7,35.4,18.9,18.9,40.5,35.6,64,47.4,46.5,33.5,29.1,11.4,8.2,63.6,48.4,33.7,32.2,63.5,77.37690094533497,79.8455,2.351129774045191,2011,0.2,-0.15789473600000004,51.90487999999999,,70.6,69.1,1.087,1.002,34.766219354839
Connecticut,113.8,93.9,0.9012,26–9,26,35,48.1,45.3,34.3,27.4,17.5,18.1,39.5,34.7,65.9,47.5,43.1,33.2,33.5,13.5,8.9,50.4,51.5,29.3,31.1,66.2,77.5531231170918,81.19550000000001,0.943011397720456,2011,3.9,4.151315789,62.48932000000002,,75.5,68.8,1.092,0.987,35.893545714286
Arizona,115.7,95.7,0.8987,27–7,27,34,54.4,48.4,44.1,36.3,18.9,18.7,33.3,29,67,51.2,50.5,39.9,28.8,6.6,9.4,55.4,53.2,36.8,28.5,66.5,77.17036886081108,79.67199999999998,1.3898000000000006,2011,1.7,1.842105264,73.30803999999999,,74.7,66.6,1.126,0.993,25.334820588235
UNLV,109.6,90.7,0.8981,24–8,24,32,51,45.4,39.2,39.9,18.7,24,33.5,31.9,67.4,51.6,43.8,33.1,32.4,10.7,6.6,60.5,49.9,30,33.3,68.1,77.41105671154631,80.5645,1.7924415116976604,2011,-0.6,-0.723684211,60.90572,,69,69.6,1.062,0.925,25.624878125
Utah St.,109.3,90.7,0.8952,29–3,29,32,52.2,43.3,43.4,34,18.4,18.9,34.2,25.7,63.9,51.5,42.4,35.8,30,9.2,8.2,59.4,52,31.2,33.4,63.3,76.61998778750255,79.48299999999999,2.5967612954818073,2011,-1,-0.506578947,21.42824,,73.6,66.9,1.106,0.9,14.937315625
Florida,113.3,94.1,0.8943,26–7,26,33,51.7,47.6,35.9,26.6,19.1,19.3,38.4,29.9,63.8,50.9,47.5,35.6,31.9,9.3,8.4,52.9,48.5,31.1,31.9,63.9,77.26273565984756,81.82099999999998,1.7356000000000007,2011,1,0.6710526319999999,83.51083999999999,,66.7,66.9,1.1,0.969,28.230151515152
Cincinnati,108.8,90.4,0.8938,25–8,25,33,49.3,45.8,38.6,35.1,18.1,22.4,38.4,30.6,63.7,48.6,44.8,33.9,32.2,10.5,7.8,59.1,54.9,34.2,29.4,64.5,77.52883263009845,81.0535,2.0187924830067976,2011,-0.1,-0.059210525999999986,64.10603999999998,,66.6,69.7,1.077,0.925,26.214672727273
Kansas St.,108.9,90.9,0.8887,21–10,21,31,49.7,47,42.7,45.4,21.7,22.7,41.2,31,69.1,46.5,45.1,37.4,34.7,12.3,9.1,56.8,49.1,33,27.8,68.4,76.93544407894737,80.671,1.5106978604279142,2011,0.3,-0.15789473600000004,43.16184,,65.1,70.6,1.053,0.957,29.924912903226
Villanova,114.2,95.6,0.8854,21–11,21,32,49.7,46.4,42.6,36.2,18.1,18.3,36,30.2,65.9,48.4,45.3,34.9,32.1,10.6,9.9,56.6,60,32.9,36.3,66.6,77.49388409865651,80.74,1.9175999999999997,2011,-0.6,-0.611842105,91.76624000000001,,75.8,71.1,1.099,0.991,29.147984375
Georgetown,113.7,95.3,0.8839,21–10,21,31,54.4,46.6,33.6,36.6,20.6,17.7,33.6,32.5,64.9,54.6,45.4,36,33,11.3,11.3,59.4,52.7,36.6,28.9,65.2,77.12426752879371,80.5825,1.9330000000000003,2011,-0.8,-1.059210526,86.32724,,73.2,71,1.09,1.014,35.554564516129
Clemson,108.2,90.9,0.8812,21–11,21,32,50.2,45.2,38.5,34.7,20.4,23.2,34.6,32.5,65.1,49.1,43.7,34.9,32.2,13.5,9,54.4,52.6,34.7,32.2,64.6,75.7119587628866,80.025,2.0032006401280262,2011,-0.8,-0.506578947,53.197160000000004,,69.3,70.6,1.041,0.929,27.1260625
Belmont,110.8,93.2,0.8797,30–4,30,34,54.4,45.6,38,45.8,19.9,27.4,37.9,32.2,69.5,52.4,44.1,38.1,32.7,9.8,13.2,60.2,53.2,42.2,30.3,69.4,77.04792851340373,79.983,1.5839999999999996,2011,-0.6,-0.25,12.798240000000002,,73.7,67.5,1.148,0.885,10.426726470588
Vanderbilt,114.4,96.3,0.8788,23–10,23,33,52.8,45.7,45,28.2,19.1,17.8,32.8,32.2,68,51.1,45.7,37,30.6,11.6,9.6,53.6,46,38.5,31.1,68.1,77.87421127620597,80.55949999999999,1.5399520575309626,2011,-0.8,-1.157894736,81.31024000000001,,74.7,70.3,1.108,0.984,26.811233333333
Marquette,115.3,97.2,0.8769,20–14,20,34,51.4,50,44.7,29.2,17.5,20.5,36.2,32.9,68.3,50.9,47.6,35.2,36.3,9.6,8.2,59.4,61.2,26.3,34.7,67.9,76.77580877807542,79.217,1.9083816763352672,2011,1.1,1.361842105,24.151880000000002,,69.1,65.7,1.111,1.008,33.867891176471
Virginia Tech,108.6,91.7,0.8749,21–11,21,32,49.9,46.9,40.7,32.2,18.8,21.8,32.7,31.1,65.9,50.4,46.7,32.6,31.7,10.3,8.7,50.5,53.3,30.8,35.5,65.2,77.53207470564354,79.39,2.1954,2011,0,0,56.06400000000001,,70.9,65.9,1.052,0.941,28.0836875
St. John's,110.1,93,0.8745,21–11,21,32,49.4,50.5,44.8,39.9,18.7,24.1,33.1,32.9,66.4,49.4,47.4,33,36.6,9.1,9.7,52.3,66.4,24,40.3,67,76.23095525997583,79.556,2.667732906837265,2011,-0.8,-1.059210526,38.381600000000006,,71.1,69.8,1.051,0.996,34.300128125
Gonzaga,109.2,92.9,0.8652,23–9,23,32,52.5,46.5,41.6,35.7,19.7,21.3,35.5,28.9,68.2,52.1,42.2,35.6,36.1,10.2,6.9,56.6,48,28.4,35.7,68.2,77.98559711942389,81.7945,1.483896779355872,2011,0.2,0.361842105,36.501039999999996,,75.9,69.9,1.105,0.949,21.412746875
Missouri,112.5,95.8,0.8639,22–10,22,32,51.7,49.1,34.7,40.7,17.1,24.8,33.2,36.7,72.4,50.5,48.1,36.4,34.3,12.4,6.7,56.3,54.1,31.1,29.5,72.1,76.84513274336283,80.31549999999999,1.6915383076615318,2011,-0.5,-0.638157895,54.623760000000004,,73.6,69.2,1.104,0.981,27.072196875
Saint Mary's,117.4,100,0.8635,23–8,23,31,55.9,48.9,33.7,38.2,16.6,19.5,33,28.7,66.6,53.8,46.8,39.6,36.6,8.2,7.9,58.8,43.4,37.8,25.3,66.1,76.79373474369405,79.75450000000001,1.6253250650130027,2011,0,0,16.2968,,76.6,69.5,1.172,1,20.016329032258
George Mason,111.3,94.9,0.8621,26–6,26,32,53.6,45.8,39.3,32,16.8,20.9,32.8,31.2,64.4,50.9,45.2,39.7,31.3,9.1,8.6,55.2,51,31,32.7,66,76.50091705726513,79.23100000000001,1.8011204481792715,2011,0.2,0.276315789,36.182959999999994,,69,68.2,1.127,0.945,15.383359375
Temple,107.9,92.2,0.8592,25–7,25,32,50.1,46,34.5,27.3,16.3,20,32.1,28.5,66.2,48.9,43.4,35.4,35.1,11.6,7.8,59.6,49.5,30.1,27.6,65.8,77.72652322541725,80.0925,1.7873574714943001,2011,0.2,0.09868421000000005,27.28684,,69.4,70.3,1.068,0.936,20.89016875
Maryland,107.5,92.1,0.8555,19–14,19,33,50.9,45.6,38.9,29.6,19,20.9,35.8,31.8,71.8,50.5,44.2,34.8,32.4,11.2,7.7,59.8,52.9,21.9,32.5,71.6,77.29671011793917,80.1985,1.6629999999999998,2011,0,0,59.3434,,67.7,69.5,1.07,0.941,29.421796969697
Michigan,109.9,94.2,0.8548,19–13,19,32,51.9,48.9,27.9,29.7,16.3,18.6,25,29.4,61.8,50.9,48.9,35.4,32.7,6.2,9.5,57,56.6,43.2,37.3,62.8,77.1194467728416,79.0485,0.8985797159431888,2011,0,0.276315789,58.00976,,70,67.7,1.051,1.005,36.498603125
Tennessee,109.1,93.8,0.8504,19–14,19,33,47.8,47.5,39.7,38.8,19.5,20.8,38.2,32.1,67.3,48.8,46.3,30.4,33.2,10.5,10.4,52.7,52.4,29.8,36.7,67.2,77.43258426966291,80.51849999999999,1.8832,2011,-0.4,-0.611842105,44.926559999999995,,68.3,70.6,1.043,0.993,29.672751515152
Florida St.,101.2,87.1,0.8488,21–10,21,31,49.1,42.2,38,36.4,23.1,22.2,35.7,30.9,69.9,48.9,40.3,33,30.1,16.6,8.8,51,53.5,33.4,38.8,69.6,78.6566314076485,81.4735,1.6865373074614922,2011,1,1.388157895,76.21852,,66.3,70.7,0.991,0.89,27.172225806452
Washington St.,108.5,93.7,0.8438,19–12,19,31,52.3,46.1,35.2,33.9,18.5,21.4,28.5,33,68.7,51.6,44.8,35.8,32.1,10.3,7.7,51.9,58.5,34.9,39.5,68.4,77.43329864724245,79.85199999999999,1.627274545090982,2011,0,0,52.99852,,70.4,72.1,1.057,0.965,26.495367741935
Butler,111.6,96.5,0.8418,22–9,22,31,51,48.8,38.4,39.5,17.1,19.1,32.4,27.4,65.4,49,48.7,36.2,32.7,4.5,8.2,50.3,47.1,36.9,36.1,64.9,76.2892648287385,80.35249999999999,1.9783956791358266,2011,4.2,4.276315789,45.18932,,72.8,66.1,1.095,0.982,20.080103225806
Michigan St.,108,93.4,0.8416,18–14,18,32,48.6,47.8,36.7,37.3,20,17.8,34.6,28.5,65.7,46.9,44.7,34.8,36.3,13.2,8.4,62.5,51.1,32.8,31.5,66.4,76.76560305037125,80.249,1.9402119576084793,2011,-0.9,-0.611842105,83.39544,,69.7,66.3,1.026,0.993,40.021853125
Xavier,111.2,96.3,0.8395,24–7,24,31,51.5,46.2,44.9,34.8,18,18.8,32.4,27.9,65.4,52.1,43.8,33.3,33.8,8.8,9,54.1,59.3,31.1,35.4,66.1,77.27329974811083,81.609,2.048399999999999,2011,-0.8,-1.059210526,69.84172000000001,,74.8,73.1,1.094,0.972,21.914751612903
USC,107,92.8,0.8372,19–14,19,33,50.1,46.4,34.7,36.4,17.6,18.5,30.2,28.1,64.5,48.5,44.7,35.7,33.3,8.1,7.8,49.9,45.9,31.7,31.2,63.4,75.79722668810288,81.509,1.8696260747850437,2011,0,0,60.31856000000001,,65.3,70.2,1.033,0.97,28.033675757576
Georgia,108.3,94,0.836,21–11,21,32,49.4,44.7,36.6,35.1,20.3,18.5,36.8,31.7,64.6,48.9,43.1,34,32.2,13.1,8.3,60.8,40,25.1,32,64.9,76.60114192495924,80.671,1.9798040391921612,2011,-0.5,-0.611842105,52.72896,,69.6,69.6,1.04,0.972,26.27405
Richmond,110.2,95.7,0.8351,27–7,27,34,53.6,44.6,33.4,29.2,16.6,19.8,28.2,32.9,63.7,50,44.4,40,30.1,10.5,7.7,60,49.5,36.5,30,63.9,77.30245628642798,81.194,2.275144971005798,2011,1.2,1.493421053,19.192839999999997,,69.1,68.9,1.093,0.95,18.353976470588
Penn St.,111.2,96.7,0.833,19–14,19,33,49.9,50.6,31.8,29.1,17.7,18.1,32.3,30.2,59.9,49.6,47.9,33.6,36.7,7.6,11.3,54.1,63.4,36.5,36.9,60.9,77.06829765545362,80.704,2.233553289342131,2011,-0.7,-0.611842105,45.5278,,72.5,69.2,1.053,1.043,37.339078787879
UCLA,106.9,93.3,0.827,22–10,22,32,50.4,45.9,42.8,33,22.1,17.9,36,31.4,66.8,50.9,44.1,32.9,34.2,13.5,7.1,59.6,47.9,29.3,25.3,66.5,77.97212194143603,80.89050000000002,1.1980396079215838,2011,0.3,0.09868421000000005,77.94732,,68.3,66.7,1.036,0.974,26.57205625
Northwestern,115.6,100.9,0.8269,18–13,18,31,53.4,52.5,31.6,37.8,15.3,19.7,26.6,31.2,63.9,51,52.5,37.6,35.1,9.1,11.3,66,57.1,43.8,32.3,64.8,76.91875394653756,80.84349999999999,1.7853570714142823,2011,0,0,40.80896,,72.5,69.9,1.112,1.054,32.311741935484
Duquesne,106.7,93.2,0.8257,17–12,17,29,51.7,47.7,43.6,37.1,18.4,28.1,33.5,38.6,70.9,51.2,46.7,35.1,33.3,14,10.4,66.2,54.2,36.8,33,71.6,75.10747185261003,78.01200000000001,1.5206164931945558,2011,0,0,18.337160000000004,,62.3,68.4,1.068,0.941,17.767151724138
Alabama,103,90.2,0.8214,21–11,21,32,48.2,43.3,31.7,36.9,21.5,23.5,37.2,33.7,65.4,49.3,41.3,29.8,31.8,14.2,9.4,49.9,50.3,24.5,31.1,64.9,76.45148473442075,79.345,1.6898000000000009,2011,0,0,60.25176,,72.3,66.6,1.011,0.899,22.983765625
Wichita St.,110.9,97.2,0.82,23–8,23,31,52.5,46.1,36.2,36.1,18.8,18.5,35.1,24.8,64.4,52.8,44.1,34.6,34.1,9.9,7.5,58.9,47.4,36.3,28.8,65.8,77.6283185840708,80.81150000000001,2.33126625325065,2011,0,0,12.52608,,74.1,69.5,1.105,0.951,16.269506451613
Miami FL,111.8,98.1,0.8181,19–14,19,33,51.6,47.7,38.3,38.2,21.2,18.2,35.5,30.8,66,47.7,44.8,38.5,35.4,9.7,10,48.7,55.2,38.8,34.8,65.5,77.54244990704402,80.33200000000002,1.4241151769646074,2011,0,0,56.841919999999995,,71.9,69.6,1.071,1.013,26.895303030303
Texas A&M,107.9,94.7,0.8177,23–8,23,31,49.6,46.5,47.6,36.7,20.3,20.7,37.9,29.7,63.3,49.1,45.9,33.7,31.8,4.5,12,58.3,51.6,30.7,33,62.9,76.82442588726514,79.79950000000001,1.8590000000000004,2011,-0.6,-0.90131579,69.64156,,70.4,68.9,1.067,0.956,25.411870967742
Minnesota,109.6,96.3,0.8157,17–14,17,31,49.9,47.3,43.7,29.3,20.4,17.6,37.6,31.6,65.2,50.7,43.9,32.1,34.6,16.7,7.8,64.7,64.2,28.6,43.1,66.5,78.22156301145664,81.527,1.693200000000001,2011,0,0,50.52252,,66,75,1.058,1.027,33.000851612903
New Mexico,109.5,96.5,0.8105,20–12,20,32,51.6,48.1,43.1,35.7,19.9,19.2,35.6,28,66.6,51.1,46.7,35,33.8,9.3,8.5,60.8,55,33.4,35.5,66.1,77.0107415823177,80.71750000000002,1.3049999999999997,2011,0,0,52.98136,,71.4,66.7,1.085,0.98,23.36813125
Old Dominion,107.7,95,0.8089,27–6,27,33,48.7,47.3,37,27.7,20.4,18.8,45.3,27.4,60.8,48.4,42.5,32.9,37,13.4,7.9,60.6,59.7,27.4,37.4,61.7,77.49788007268322,80.59450000000001,2.538599999999999,2011,-0.7,-0.611842105,6.943600000000002,,66.4,62.1,1.084,0.96,17.782709090909
UTEP,104.7,92.6,0.8041,24–9,24,33,52.1,45.8,41.5,33,18.3,21.2,24.8,30.4,67.2,50.7,45.7,37.1,30.7,10.4,7.6,60.9,58,28.8,36.3,67.9,77.47883597883597,80.1675,2.5196960607878425,2011,0,0,17.196680000000008,,67,67.6,1.037,0.935,15.911351515152
Seton Hall,102.4,90.7,0.8014,13–18,13,31,46.4,46.4,31.3,38.4,17.8,20.9,30.1,31.9,68.5,46.6,46.1,30.6,31.4,9,11.3,55.6,50.7,33.2,29.4,69.1,76.87517963457195,79.23899999999999,2.047990401919617,2011,0,0,60.91788,,67.2,65.5,0.977,0.952,33.16035483871
Cleveland St.,108,95.7,0.8007,24–8,24,32,49.9,47.1,41.4,41,17.6,21.8,30.8,33.4,66.1,48.2,46.3,35.4,32.5,7.3,12.2,49,57.6,35.1,31.4,66.7,76.41947261663286,79.92099999999999,1.8754,2011,0,0,7.819920000000003,,74.1,67.6,1.069,0.973,17.8326625
UAB,107.8,95.6,0.7992,22–8,22,30,50.8,45.6,30.2,32.5,19,19.2,33.8,30.9,63,50.9,45.2,33.7,31,8.2,10,55.6,47.8,40.2,29.8,63,75.6665989435189,80.65299999999999,1.6045209041808355,2011,0,0,32.27208,,71.9,69.8,1.066,0.964,18.860466666667
Boston College,116.5,103.4,0.7977,20–12,20,32,54.1,50.5,31.5,26.7,17,16.3,30.3,33.2,64.2,52,49.5,38,34.8,6.8,11.1,60.7,50.6,43.7,34.1,63.8,76.66140457397287,79.61,2.315863172634527,2011,0,0,44.61416,,72.1,70.7,1.116,1.075,28.3875625
Nebraska,103.2,91.6,0.7976,19–12,19,31,51.4,45.3,35.2,34.2,20.5,20.2,29.7,26.8,65,52.9,42.2,32.1,33.3,11.6,8.7,54.1,52.6,31,40,63.8,77.64111065064235,81.51199999999999,1.8852000000000007,2011,0,0,17.15264,,70,67,1.027,0.92,23.884932258065
Colorado,115.2,102.6,0.7912,20–13,20,33,52.4,50.6,39.5,36.9,17,19.6,34.2,32.9,69.3,50.5,48.5,38.3,36.9,7.3,7.9,49.1,54.3,27.4,31.6,68,77.54850746268656,79.45450000000001,1.9170165966806638,2011,0,0,41.8176,,78.1,70.5,1.131,1.054,28.201706060606
Oakland,115.6,103.1,0.7885,24–9,24,33,56.1,49.4,40,30.8,18.8,16.6,36.3,31.7,72.4,55.8,47.5,37.7,36.1,12.4,6.4,53.9,48.9,35.1,29.1,72.8,77.04542701393095,81.7735,2.038999999999999,2011,-0.3,-0.25,12.833800000000002,,71.8,72.3,1.171,1.053,21.673724242424
California,108.3,97.4,0.772,17–14,17,31,50.7,50.3,47.4,33.7,19.6,18.3,30.8,28.5,68.4,50,48.1,35.2,36,7,7.4,60.3,51.9,26.5,37.6,68.6,77.00836905490915,80.20249999999999,1.4270854170834166,2011,0,0,53.453799999999994,,69.3,69,1.037,1.026,29.86195483871
Charleston,112.4,101.2,0.7698,24–10,24,34,54.4,48.7,26.2,27.4,17.8,19.8,33.7,35.4,67.5,54.9,47.1,35.8,35.1,9.8,5.4,47.9,49,38,28,67.5,76.79511894995899,79.522,1.8338996602038784,2011,0,0,0.20012000000000285,,73.4,66.5,1.127,1.016,14.811567647059
Missouri St.,111.6,100.6,0.7673,25–8,25,33,51.7,49.3,38,33.3,16.9,18,33,26.9,62.2,49.7,48.3,37,34.5,8.2,9.9,54.9,45.9,34.3,28.4,63.3,76.59350755410371,79.88,2.3210642128425687,2011,0,0,6.815320000000003,,72.8,69.2,1.113,1,16.611424242424
Southern Miss,111.1,100.4,0.7622,19–10,19,29,49.7,48.6,42.7,41,18.1,20.1,38.4,29.7,65.9,48.5,45.8,35.5,35.6,10.6,8.1,44.7,52.6,25.7,36.8,65.8,76.437334420216,80.42400000000002,2.092600000000001,2011,0,0,35.69904,,72.8,67.5,1.1,1.002,17.746237931035
Mississippi,111.8,101.1,0.7608,20–13,20,33,50.8,48,35,39.1,18.7,19.2,35.3,32,67.4,49.8,45.6,34.9,35.3,14.3,9.4,47.9,59.7,37.3,32,67.5,76.69949341438702,81.07700000000001,1.854,2011,0,0,68.66816,,75.7,72,1.092,1.018,21.462857575758
Iona,111.8,101.1,0.7608,22–11,22,33,54.1,49.7,36.5,35.9,18.1,21.2,34,29,69.5,53.4,48.1,37,35.6,8.4,9.3,61.2,49.8,36.3,31.2,69.4,75.86576230006074,79.1935,1.9362127574485104,2011,0,0,5.790200000000004,,65.3,69,1.121,0.982,12.583672727273
Baylor,106.3,96.4,0.7548,17–13,17,30,51.4,47.8,42.6,35.2,23.4,21.8,36.3,30.9,66.8,50.9,45.9,35.1,34.3,12,6.9,47.9,53.9,29.1,34.3,66.5,78.63086842635504,82.36650000000002,1.552089582083584,2011,0,0,82.03632,,69.8,68.5,1.039,0.961,23.934396666667
Iowa St.,106.1,96.4,0.7507,16–16,16,32,50.6,47.6,26.4,29.2,17.5,20.1,29.4,32.8,70.8,47.8,46.3,36.8,33.6,9,10,55.2,53.7,37.5,33,70.5,77.09515039901778,80.44749999999999,1.7945589117823566,2011,0,0,35.94588,,72.1,69.1,1.046,0.986,25.697046875
Colorado St.,107.9,98.6,0.7382,18–12,18,30,52.4,49.3,42.4,38.5,20.4,20.4,31,31.2,67.2,53.7,48.2,33.1,34.3,7,9.9,53,51.2,33.3,34.6,67.2,76.84746105603884,79.41199999999999,1.8165633126625327,2011,0,0,21.733520000000002,,68.6,70.3,1.05,1.014,25.509886666667
Harvard,110.1,100.7,0.7362,21–6,21,27,54.5,49.2,43.5,25.7,20.4,19.9,31.3,30.7,63.8,53,46.7,38,36.4,11.8,8.7,60.3,49.8,36.2,31.7,64.7,76.87773014901,79.36249999999998,1.1833999999999998,2011,0,0,16.02312,,80.7,72.9,1.114,1.006,16.847740740741
Oklahoma St.,104.5,95.6,0.7357,19–13,19,32,47.4,46.9,46.1,46.1,20.3,20.4,33.3,30.4,66.2,48.4,44.9,29.7,33.9,8.2,8.6,43.5,52,26.6,33.5,65.9,75.4093222063912,79.33800000000001,1.75744851029794,2011,0,0,42.67923999999999,,72.3,73.3,1.014,0.992,27.790125
Indiana,108.7,99.5,0.7344,12–20,12,32,51.6,49.6,36.9,50.2,19.8,19.7,32.6,30.9,65.3,51.4,47,34.6,36.4,7.9,10.1,49.8,53.6,31.9,34.2,66.4,76.90565656565659,80.17350000000002,1.0057999999999998,2011,0,0,71.41203999999999,,72.6,70.4,1.062,1.041,34.07715
Marshall,107.7,99.1,0.7225,20–11,20,31,49.9,47.1,48.4,38.9,19.6,18,36.9,31.8,67.6,50,48.4,33.1,29.5,9.4,9.2,50.8,47.9,31.2,31.9,67.8,76.89546471425666,79.864,1.753550710142028,2011,0,0,21.053480000000008,,68.1,65.8,1.07,1.003,18.863958064516
Rutgers,105.7,97.4,0.7192,15–17,15,32,49,47.6,31.7,44.9,18.7,21.6,32,33.3,64.4,47.9,44.7,34.4,34.6,14.5,9.9,55.4,57.6,28.6,40,64.4,77.07131345688961,79.4745,1.8018,2011,0,0,48.06392,,67.7,73.3,1.018,1.008,29.925934375
Iowa,103.2,95.1,0.7191,11–20,11,31,48.1,50,34.5,28,21.3,21.2,34.5,32.3,67.1,48.5,50.1,31.4,33.2,8,8.3,55.2,60.7,26.7,36.5,68,77.45477282200919,79.45700000000001,1.355342136854742,2011,0,0,55.75112,,67.6,74,0.995,1.007,33.035670967742
Portland,111.6,102.9,0.7178,20–11,20,31,53.2,49.9,34.1,35.6,19.7,17.5,34.2,30.4,64.5,48.5,48.3,41.7,34.9,9,9.9,55.8,54,33.7,38.6,64.1,76.57478417988357,80.47450000000002,2.0025989604158343,2011,0,0,0.20008000000000284,,74.4,70,1.096,1.051,17.632574193548
Virginia,104.1,96,0.7174,16–15,16,31,48.5,50.2,32,28.8,17.6,19.7,26.2,28.5,61.7,43,47.8,38.8,36.3,8.9,12,53,47,36.2,35.5,60.7,77.08109731678013,80.9205,1.384199999999999,2011,0,0,61.17515999999999,,69,68.2,0.995,1.004,27.860051612903
Princeton,105.6,97.5,0.7146,24–6,24,30,52.1,46.8,37.4,35.7,18.9,18.4,31.2,27,63.7,50.3,45.8,37.3,33,10.8,10.6,54.4,49,31.1,27,64.2,77.84652029826015,80.836,1.8362654938024794,2011,-0.2,-0.25,12.1506,,73.4,72.4,1.069,0.983,13.65497
VCU,108.8,100.6,0.7112,23–11,23,34,50.9,50.4,37,34,17.5,22.5,31.6,36.4,65.5,48.8,49.2,35.9,35.5,9.5,11,58.5,54.6,40.8,29.1,66.9,76.39282786885245,80.23550000000002,2.1420284056811356,2011,3.2,3.361842105,50.02664,,71.9,67.9,1.082,1.02,18.893435294118
Drexel,98.6,91.2,0.7104,21–10,21,31,45.8,43.8,40.2,37.6,18.8,15.8,37.6,23.6,63.4,45.7,44.2,31,28.5,7.1,12,48.4,45.2,22.3,26.9,64.3,76.0505335212402,79.1515,1.2538000000000005,2011,0,0,10.589120000000003,,61.6,68.7,1.001,0.938,17.110993548387
Oregon,104.4,96.9,0.7021,15–17,15,32,47.5,51.2,30.6,36.5,18,22.2,30.6,32.7,67.9,45.5,49.5,34,36.1,7.7,10.5,55.5,56.2,35.3,36,67.9,74.70928805237315,78.665,1.9018000000000006,2011,0,0,38.425560000000004,,73.7,71.9,1.006,1.018,26.502153125
Memphis,103.6,96.3,0.6985,25–9,25,34,50.3,46.7,39.5,38.5,21.9,21.3,35.4,35.3,69.1,51,45.3,32.7,33.2,13.6,10.8,57.3,54.5,32.5,31.1,69.1,76.95740778479721,79.896,0.7647529505901183,2011,-0.3,-0.506578947,62.75036000000001,,67.9,67.6,1.031,0.974,19.128958823529
Wofford,110.7,102.9,0.6985,21–12,21,33,53.3,50,42,41.6,18,20.4,34.6,32.7,64.5,50.5,48.8,40.7,35.1,6.8,8.2,55.2,45.5,26.4,30,64.7,75.66083697688946,78.195,2.6465293058611725,2011,-0.3,-0.157894737,8.498840000000003,,69.1,71.4,1.12,1.03,16.242393939394
Arkansas,105.2,97.8,0.6982,18–13,18,31,49.5,45.6,39.4,31.5,19.3,20.9,30.7,35.6,67.7,47.1,45,36.2,31.5,13.9,12.4,49.3,49.5,32.5,28,67.4,75.92162379421222,79.96,1.7446510697860442,2011,0,0,44.61444,,69.5,72.7,1.028,0.971,21.172174193548
Creighton,107.3,99.8,0.6971,19–14,19,33,51.8,47.6,34.9,25.9,19,14.9,30.7,27.6,62.8,50.6,45.3,35.8,35.2,7.7,9,59.4,52.3,37.7,30.9,64.4,76.46022610483043,79.709,1.7072000000000003,2011,0,0,17.742560000000005,,72.2,67.6,1.061,1.011,16.8959
Bucknell,103.9,96.7,0.6955,25–8,25,33,51.2,45,34.3,35.8,17.1,18,26,28.8,66.2,47.1,43.7,40.2,31.5,9.1,6.7,59.9,56.2,31.3,36.6,66.1,76.33007893643541,79.22550000000001,1.536785285885646,2011,-0.2,-0.157894737,8.01276,,78.6,69.5,1.065,0.955,12.621196969697
Boise St.,105.7,98.5,0.6924,19–12,19,31,49.2,51.7,41.3,44,17.2,24.8,31.9,28.1,67.9,48.1,49.7,34.1,37,8.5,9.5,50.5,50.8,34.3,33.3,68.1,76.72959903284303,79.84899999999999,2.2309538092381525,2011,0,0,3.490000000000002,,71.8,70.8,1.06,0.975,16.281529032258
Tulsa,106,98.8,0.6919,19–13,19,32,50.1,47.4,44.4,40.9,20.5,17.5,34.1,26.8,66.3,48.8,46.3,34.9,33.4,9.9,9.3,48.5,49.3,35.7,31,67.2,77.99652067130576,80.72899999999998,1.5011999999999999,2011,0,0,19.20732,,70.1,72.4,1.047,1.005,17.486609375
Georgia Tech,100.5,93.7,0.6912,13–18,13,31,45.7,50.2,31.8,45.2,19.6,23.8,33.5,29.1,69.1,46.2,47,29.9,37.9,11.7,6.8,54.3,56.2,34.7,32.5,69.5,77.64423663346209,80.1295,1.356457417033187,2011,0,0,80.40288,,68.9,66.9,0.973,0.962,26.934403225806
N.C. State,107.9,100.7,0.6887,15–16,15,31,47.8,46.8,36,32.3,17.9,17.1,35.5,35.1,67.8,47.3,46.3,32.9,32,10.2,9.9,55.3,45.9,23.3,27.3,67.4,77.9379907388766,80.6085,1.1042,2011,0,0,75.13855999999998,,69.4,73.6,1.042,1.039,31.256896774194
UCF,104.2,97.4,0.6848,18–11,18,29,50.1,45.8,46.7,32.8,21.1,19.4,33.8,33.6,64.8,49.4,42.6,34.4,35.6,14.9,9.9,52.8,53.6,34.6,29.2,65.8,76.95279755849441,80.745,1.6230000000000007,2011,0,0,41.63,,69.8,66.4,1.042,0.974,16.698786206897
Indiana St.,102.1,95.6,0.6806,19–13,19,32,48.8,45.9,38.4,45.1,21.4,19.3,31.3,30,64.7,46.4,44.2,35.5,32.9,12.3,8.4,55.4,53.5,36.1,33.3,66.2,76.96726311508743,78.88,1.6196000000000002,2011,-0.2,-0.157894737,6.724800000000003,,71.3,71.6,1.002,0.986,19.99491875
Valparaiso,104.4,98,0.6743,21–11,21,32,51.9,48.1,34.2,40.9,20.2,21.4,32.1,33.4,67,53.7,47.4,32.2,33.1,6.7,9.4,57.5,50.1,34.1,32.3,66.7,75.56943883730318,78.62699999999998,1.7575999999999996,2011,0,0,16.21988,,66.6,70.3,1.042,1,18.4607375
Fairfield,96.8,90.9,0.6733,24–7,24,31,47.1,44.6,39.9,32.1,21.4,24.2,35.6,31.3,65.7,47.4,43.3,30.7,31.9,10,11.8,58.2,45.1,25,29,65.9,76.18811483637823,79.37,1.5134000000000003,2011,0,0,5.843000000000003,,65.9,63.4,0.987,0.876,10.673167741936
Northern Iowa,107.4,101,0.6696,18–13,18,31,49.9,51.9,35.4,33.8,15.5,20.2,24.7,27.1,59.7,48.8,48.7,34.2,38.7,5.6,9.3,49.1,54.5,42.5,34.3,60.2,75.87757600489695,79.41349999999997,1.7027999999999999,2011,0,0,16.4866,,75.8,70.5,1.054,1.024,19.267906451613
South Dakota St.,114.2,107.5,0.6671,17–12,17,29,53.8,53.2,34.9,33.9,14.3,19.3,32.9,31.5,69,49.5,50.5,40.9,40.2,6.2,8.2,53.5,46.3,36,28.1,68.8,76.78843008994278,78.48450000000001,1.4981999999999998,2011,0,0,5.294720000000004,,73.1,70.5,1.177,1.074,12.426075862069
Dayton,102.6,96.6,0.6666,22–13,22,35,46.7,47,33.8,37.4,20.1,18.9,35.4,28.4,65.8,43.5,46.6,35.5,31.8,8.8,9.6,62.9,57.2,33,37.3,66.2,77.16767432486901,80.7665,1.6107999999999998,2011,0,0,65.65259999999999,,68.2,66.9,1.001,0.971,20.087728571429
Long Beach St.,105,98.9,0.6656,20–11,20,31,49.9,50.2,42.3,28.2,20.2,18.9,33.2,28.7,69.4,49.5,50.2,33.9,33.6,5.3,8,52.6,50.9,32.4,33.2,69.6,75.71988143129367,79.20099999999998,2.2162432486497314,2011,0,0,8.605120000000003,,67.3,67,1.038,1.002,19.044280645161
Providence,107.4,101.6,0.6544,15–17,15,32,47.7,49.6,37.6,30,17.6,19.5,37.2,35.4,72.1,47.9,49.8,31.5,32.7,10,9.8,46.7,54.6,33.4,29.2,72.5,76.44213528932355,79.29249999999998,1.0178035607121423,2011,0,0,37.23016,,66.9,70.9,1.048,1.042,28.3087875
Stanford,102.2,96.7,0.6539,15–16,15,31,49,49.1,37.7,36.3,20.3,21.3,32.6,29.6,65.9,46.8,46.4,35.6,36.4,9.7,7.3,49.9,51.4,33.2,32.9,65.4,77.64330692667073,80.51,1.1337732453509308,2011,0,0,64.78540000000001,,65.8,70.2,1.003,0.985,24.502283870968
Montana,100.3,95,0.6512,19–10,19,29,50.1,44.1,41.2,34.8,19,20.1,31.1,31.7,63.5,51.5,42.4,31,32.2,12,6.9,55.1,44.2,28.8,29,63.5,77.74892041949414,82.3475,1.6267999999999998,2011,0,0,22.326039999999995,,66.3,70.6,1.03,0.949,12.007955172414
South Florida,102.6,97.3,0.6479,10–23,10,33,46.2,47.6,38.1,38.8,23.6,16.4,36.6,33,62.9,46.5,46,30.3,34.4,9.6,11.4,57.2,58.6,30.6,29.2,62.7,77.92534027221777,81.3565,1.7305461092218444,2011,0,0,32.37612,,71,69.3,0.971,1.043,31.678821212121
Wright St.,103.5,98.3,0.644,17–14,17,31,49.5,51.8,38.4,43.5,17.4,24,25.3,30.8,62.4,46.9,53.7,35.9,32.3,3.5,10,47.5,51.6,37,35.3,62.7,76.69539999999999,79.654,1.9286000000000003,2011,0,0,20.319760000000002,,74.3,70.8,1.028,1,17.500722580645
Rider,106.8,101.5,0.6423,23–10,23,33,53.9,45.5,35.3,33.1,19.8,18.7,30.6,34.8,68.6,50.7,44.4,40.1,32,11.1,7.8,54.1,56.3,34.2,32.5,68.8,77.24144217135911,79.268,1.7414517096580684,2011,0,0,4.134560000000003,,65.3,66.8,1.067,0.988,13.888709090909
Morehead St.,103.7,98.8,0.6357,21–9,21,30,51.1,49.3,41.3,38.5,23.4,22.9,41.3,27.9,64.1,50.5,45.7,34.9,36.9,10,7.5,50.8,61.5,33,37.6,64.7,75.79911373707532,78.256,2.3186,2011,0.8,0.75,6.996520000000001,,67.4,69.7,1.062,0.963,13.533316666667
Mississippi St.,106.1,101.3,0.63,17–14,17,31,50.7,47.7,35.9,27.3,19.6,16.1,28.9,32.3,67.7,48.3,46.2,36.2,33.7,10.5,8.9,53.2,44.9,40,35.9,67.8,77.75330755139429,80.245,2.0747850429914028,2011,0,0,46.70551999999999,,72.3,66.3,1.027,1.033,21.75395483871
James Madison,106.1,101.3,0.63,21–11,21,32,51.7,48.7,38.5,37.2,18.9,17.8,31.2,27.7,66.7,49.5,46,38.1,35.8,10.2,8.8,55,53,29.5,34.2,68.2,76.52785255746532,79.73399999999998,1.7238552289542084,2011,0,0,18.475559999999998,,71.2,71.6,1.069,1.014,17.2881375
Buffalo,103.5,98.9,0.6278,17–13,17,30,53.2,47.4,35.8,39,22.7,22.4,36.5,33,67,51.4,44.4,38.2,36.3,14.4,6.2,55.4,56.4,29.7,30.2,66.7,76.59011328527292,79.68149999999999,1.8416316736652654,2011,0,0,3.2554800000000017,,65.8,67.6,1.053,0.965,11.613783333333
Kent St.,102.9,98.5,0.6231,22–11,22,33,47.8,46.8,36.1,32,18.9,21,36.3,35.4,66.9,47.2,46.7,33,31.3,10.2,10.2,53.5,54.1,27.8,31.8,67.5,76.65489957395008,79.825,1.6769353870774153,2011,0,0,4.043280000000003,,66.5,65.3,1.033,0.974,14.788075757576
Arizona St.,103,98.6,0.6229,12–19,12,31,50.1,49.1,29,39.3,18.9,19.9,27.7,33,64.4,48.4,47.5,35.1,34.6,10.9,10.7,64.4,63,40.9,35.9,63.8,77.0229301948052,79.8805,1.5461092218443695,2011,0,0,53.20151999999999,,62.8,69.6,0.99,1.035,27.094832258064
East Tennessee St.,101.6,97.3,0.6218,21–11,21,32,49.1,46.8,44.9,34.8,20.6,20.8,34.8,32.8,65.5,48.6,44.8,33.5,33.3,11.3,9.6,44.1,52.7,28,37.7,65.1,77.39292288811619,79.021,2.4476895379075807,2011,0,0,11.782320000000002,,66.8,65.8,1.029,0.969,15.1351375
Rhode Island,102.1,98,0.6157,19–13,19,32,48.2,47.5,30.6,38,18.3,21,31.6,33.1,67.2,47.4,48.8,33,30.1,10.6,8.8,49,55.5,36.7,34.6,67.7,77.56973657341229,81.057,2.1315736852629468,2011,0,0,34.43056,,70.4,68.4,1.013,0.993,19.5522
Northern Colorado,104.8,101.1,0.6019,19–10,19,29,50.2,48.8,44.4,44.6,21.8,20.5,35.8,28.6,66.6,45.4,46.1,38.4,35,6.3,10,51.5,59,39.3,41.8,67.7,75.97146326654523,79.06949999999999,2.0803678528588563,2011,-0.1,-0.105263158,7.9301200000000005,,77.2,71.2,1.067,1.001,13.608520689655
Air Force,105,101.3,0.6017,14–14,14,28,53.8,48.8,37.9,31.8,19,20.6,20.4,34.3,62.4,52.3,47.3,37.6,33.8,8.7,10.8,68.8,64.4,37.1,45.8,61.9,77.37068615509543,79.335,1.8722255548890234,2011,0,0,1.8665200000000028,,70.1,71,1.021,1.03,25.484914285714
LIU,106.3,102.7,0.5978,27–5,27,32,52.4,48.2,50.6,25,20.4,19.9,37.9,32.2,74.9,51.2,49.7,36.6,30,7.8,7.9,54,54.5,31.4,32.6,74.6,74.65236836755439,78.28699999999999,1.544091181763648,2011,-0.2,-0.105263158,4.030440000000002,,64.5,65.3,1.096,0.98,7.967853125
Saint Louis,97.9,94.6,0.5973,11–19,11,30,48.8,47.5,32.7,40.6,20.8,21.5,28.5,30.5,64.8,48.8,46.2,32.4,34.5,8.8,10.6,59.4,47.1,32.2,22,64.7,76.35303546383489,79.629,0.8876224755048987,2011,0,0,23.925200000000004,,65.9,72.9,0.968,0.972,21.722636666667
Detroit Mercy,105.2,101.8,0.5933,16–16,16,32,50.7,48.8,46.5,32.3,22,19.6,36,33.9,70.3,49.8,48.2,35.4,33.3,12.9,9,47.9,52.3,26.1,36.6,70.9,76.81707564388563,80.73200000000001,1.4920984196839369,2011,0,0,47.55604,,68.5,68.1,1.036,1.022,17.667303125
Austin Peay,102.3,99,0.5932,18–12,18,30,49.7,48.7,41.1,37.2,20.4,23.9,34.6,34.4,68.1,48.7,48.6,35.1,32.6,11.1,8.6,53.5,56.7,26,34.2,68,76.58323232323234,79.491,1.9148,2011,0,0,6.684080000000001,,67.3,66.8,1.035,0.969,12.342143333333
Oral Roberts,109.1,105.6,0.5927,19–15,19,34,52.7,51.4,41.4,42.6,18.9,19,36.5,32.1,67.4,51.7,50.4,36.9,35.8,7.5,8.2,48.2,47.2,27,29.8,67.2,77.22064860426929,80.44850000000001,1.371,2011,0,0,7.2635200000000015,,71.7,73.5,1.113,1.079,15.86315
St. Bonaventure,105.6,102.4,0.5876,16–14,16,30,50.9,48,44.3,33.6,21.8,17.1,33.7,31.4,65,49.9,47.4,35.6,32.9,8.7,7.7,53.9,54.5,29.5,32.6,64.6,77.48649197643715,80.79700000000001,1.7146858743497404,2011,0,0,4.612680000000003,,70.2,70.6,1.035,1.034,18.230153333333
Texas Tech,105.7,102.5,0.5875,13–19,13,32,49.3,50.5,38.1,39.1,19.5,19.3,32.4,35.6,70.4,47.4,49.6,36.5,35.1,10.1,7.1,51.7,45.6,26.5,27.4,70.7,76.39590163934426,79.56,2.3808000000000002,2011,0,0,39.23536,,72.9,69.6,1.031,1.062,26.12740625
Vermont,100.9,97.9,0.5859,23–8,23,31,49.3,44.4,37.6,27.3,20.5,18.4,36.8,29.3,64.7,47.9,42.5,35.7,32.3,8.6,8.5,51,45.3,24.8,31.9,65.9,76.78766110289457,80.13650000000001,1.4643857543017202,2011,0,0,14.265759999999998,,67.7,71.9,1.032,0.944,12.230248387097
South Carolina,98.9,96,0.5847,14–16,14,30,45,47.7,27.2,39.5,19.3,21.4,36.7,34.9,68.1,43.9,45.5,31.3,35,15.8,8.1,44.1,53.9,35.3,30.2,69.1,76.21080000000002,80.13,1.0486000000000004,2011,0,0,69.66600000000001,,66.3,68.8,0.975,0.996,28.577856666667
Coastal Carolina,103.4,100.4,0.5838,24–5,24,29,51,45.8,45.6,26.6,19,18.6,35.4,30,67.4,52.2,42.3,31.5,34.8,12.2,8.4,56.3,46,24.6,34.8,66.9,75.71188499696297,79.385,1.7819999999999996,2011,0,0,14.17252,,69,68.3,1.082,0.956,7.5135310344828
UC Santa Barbara,102.2,99.3,0.582,16–13,16,29,51.9,46.8,37.2,42.6,21.7,20.1,28.4,31.9,65.5,49.8,42.3,37,36.6,12.1,6.8,60.5,58.3,36.7,35.3,65.7,76.87266828872669,80.476,2.1609678064387126,2011,-0.2,-0.105263158,12.559320000000003,,76.5,70,1.027,0.995,15.424837931034
IU Indy,109.5,106.4,0.5818,17–14,17,31,52,53.7,32.3,27.7,17.6,19,32.9,33.4,63,51.8,53.3,35,36.3,6.8,7.9,41.1,55.2,31.2,33.6,62.5,76.62494828299546,78.792,2.0956191238247652,2011,0,0,11.443760000000001,,78.3,69.1,1.107,1.088,20.188041935484
Murray St.,102.6,99.7,0.5817,21–8,21,29,51,48.7,46.4,40.5,22,23.6,34.6,31,63.6,48.4,47.2,37.7,35,8.1,7.9,59.5,51,32.3,28.6,63.4,75.26900584795321,78.6705,2.0454,2011,0,0,4.844360000000003,,71.3,69.2,1.051,0.958,10.044534482759
Akron,101.4,98.6,0.5798,22–12,22,34,49.9,46.5,31.9,38.2,17.7,20.5,28.5,33,66.8,47.3,46,36,31.8,8.7,6.6,58.4,50.9,38.3,30.4,67.1,76.55393466200945,80.89699999999999,1.9847969593918782,2011,-0.2,-0.105263158,11.59368,,70.8,66.3,1.029,0.975,13.031802941176
Utah,102.5,99.7,0.579,12–17,12,29,48.1,47.4,36.6,37.5,20.1,15.8,28.6,32.7,68.4,47.1,45.9,33.5,34.2,11.6,11,40.9,52.9,32.2,27.8,69.1,77.92858587902084,82.22200000000001,1.5536000000000003,2011,0,0,10.147520000000002,,69.6,68.5,0.984,1.039,28.229362068966
Loyola Chicago,104.8,102.1,0.5745,16–15,16,31,48.5,50.4,36.9,33.8,19.4,20.8,36,32.2,65.7,45.8,48.8,36.2,36,9.6,9.2,51.7,54.9,31.9,31.5,65.5,76.69898697539797,79.3005,2.0513794482207124,2011,0,0,4.175280000000002,,73.7,66.3,1.054,1.011,14.734567741935
Pacific,103.6,101,0.5726,14–15,14,29,50.6,49.3,35,29.3,18.8,17.1,30.4,28.4,61.5,49,47.9,35.3,34.9,5.2,8.7,61.5,55.5,41.1,32,61.2,76.19095580678315,79.67000000000002,2.5195999999999996,2011,0,0,9.680000000000001,,69.5,66.7,1.043,1.017,14.81954137931
Ohio,105.8,103.3,0.5683,18–15,18,33,50.1,50.6,38.3,40.3,19.1,21.8,33.6,32.3,68,48.3,49.1,35.4,35.8,6.6,9.9,59.8,55,35.9,33.5,68.5,76.71869885433713,79.405,1.4431113777244535,2011,0,0,18.420679999999997,,72,69.7,1.056,1.029,12.406336363636
Saint Peter's,93.6,91.5,0.5649,20–13,20,33,45.9,42.2,39.8,42.4,22.9,21.6,32.5,34.1,65.5,43,40.6,34.8,30.6,12.6,11,53.7,52.6,32,31.5,65.1,75.19523428113737,78.34299999999999,2.1409154507295627,2011,-0.2,-0.157894737,2.1609200000000035,,64.3,65.1,0.933,0.911,15.033263636364
Northern Arizona,103.7,101.8,0.553,17–12,17,29,54.4,47,32.5,36.1,20,19.1,30.4,32.4,65.4,50.8,45.8,42.4,33,10.7,8.6,64.3,50.5,28.1,33.1,66.4,75.59752384818347,78.4815,2.2222,2011,0,0,2.404080000000002,,67.4,70.6,1.07,0.999,13.168989655172
Idaho,103.7,101.8,0.553,17–13,17,30,52,47.2,38.3,31,22.2,19.3,31.2,33.5,64.8,49.5,46.9,38.2,31.8,7.9,9,60.3,49.4,32,34.5,64.3,76.06934755847352,79.873,2.1399999999999997,2011,0,0,6.433880000000003,,72.5,70.5,1.022,1.004,14.97586
Santa Clara,104.2,102.5,0.5472,17–14,17,31,48.6,50.3,47.4,46.9,20.4,21.1,35.3,30.9,68.1,46.8,49.1,34.5,35.5,8.3,10.1,53.8,49.9,35.6,29.8,68.2,77.21254775789262,79.8515,1.5657131426285256,2011,0,0,0.19996000000000283,,73,74.6,1.047,1.038,17.134077419355
Furman,103.9,102.3,0.5445,20–10,20,30,51.6,47.6,41.2,41,20.5,19.2,33.9,32.1,63.5,49,47.1,37.3,32.3,8.9,7.3,52.8,48.8,36.8,32.4,63.4,76.83150259067358,80.42600000000002,2.425714857028593,2011,0,0,14.160840000000004,,73.1,67.7,1.07,1.01,12.699693333333
Robert Morris,100.8,99.3,0.543,18–14,18,32,48,48.3,35.4,49.7,19.9,22.9,34.4,32.7,65.6,45.2,46.8,35.7,33.9,6.6,7.7,58,58.7,33.6,38.1,64.7,74.54412672289652,77.83449999999999,0.9531906381276256,2011,0,0,14.549999999999999,,68.5,67,1.014,0.987,16.073815625
New Mexico St.,102.8,101.4,0.5393,14–17,14,31,49.4,50.7,49.2,37.1,21.1,21.4,32.6,33,68.6,49.3,51.2,32.9,33,9.6,8,51.3,53.2,30.7,33.4,68.4,77.89820961577146,81.34649999999999,1.3748000000000005,2011,0,0,17.14156,,67.8,67.9,1.013,1.021,19.205474193548
Oklahoma,103.2,101.8,0.5392,14–17,14,31,50.7,50.9,36.2,38.8,20.9,20.4,27.3,32.1,65.2,50.6,49.2,34,36.2,7.8,8.1,54.7,51.6,35.4,31.8,65,77.24677716390424,79.362,1.1778000000000004,2011,0,0,57.29152,,74.2,72.2,1.005,1.046,29.666109677419
Hofstra,106.6,105.2,0.5379,20–11,20,31,49.4,50,35.6,34.9,15.8,19.1,28.8,36.3,64.4,47.6,47,35.5,37.7,10.7,6.8,54.4,57.5,32.1,31.4,66,76.72186234817813,79.9355,1.9276289484206313,2011,0,0,0.24408000000000285,,76.6,71.1,1.07,1.069,16.905012903226
SMU,103.4,102.1,0.5363,14–14,14,28,56.6,50.6,33.6,31.9,22.6,22.2,24.1,33.1,61.3,54.9,45.8,39.3,39.7,8.5,7.5,62.5,52,43.1,34.8,61.1,75.80515297906602,79.0495,2.1659668066386724,2011,0,0,18.38896,,74.5,70.6,1.043,1.015,13.183139285714
Central Connecticut,100,98.8,0.5347,19–12,19,31,47.9,47.1,36.1,33.4,21.1,23.4,36.6,35.1,67.6,47.4,46.6,32.8,32,10.2,7.4,59,49.1,26.4,32.4,67,75.45929648241207,77.7285,1.7157431486297257,2011,0,0,1.6909200000000026,,76.7,68,1.023,0.964,9.5148516129032
Milwaukee,102.5,101.3,0.5338,19–13,19,32,50,50.9,45.2,33,20.6,18.9,32.1,30.2,66.5,48.1,49.4,35.3,36,5.5,10,55.5,48.8,39.8,31.7,67,76.65960510078158,79.4645,1.999599839935974,2011,0,0,12.170960000000001,,65.3,70.7,1.024,1.035,19.00344375
East Carolina,104,102.8,0.5333,15–15,15,30,49.5,49.8,49,41.1,20.6,20.7,30.5,35.9,65.3,46.4,49.5,36,33.5,7.6,12.6,58.5,55.6,41,34.5,66.1,76.64267886855241,79.41899999999998,1.9298280687724905,2011,0,0,36.96148,,69.3,66.9,1.025,1.043,19.010786666667
Rice,104,103,0.5277,12–18,12,30,48.3,52.4,42.9,45.3,19.1,20.7,32.2,28,64.2,47,48.9,34.2,38.4,7.9,8.8,56.1,58,30,39.9,64.5,76.09947003668978,80.1395,1.8436000000000008,2011,0,0,18.44388,,71.8,71.2,1.03,1.045,18.742426666667
San Francisco,99.8,99,0.5231,15–14,15,29,49.3,47.4,38.3,33.3,20.3,16.2,30,29.1,67.3,48.3,46.8,34.1,32.3,6.5,10.9,50.9,53.6,35,37.2,67,76.54377035830619,80.04350000000001,1.1161535385845665,2011,0,0,0.20008000000000287,,66.9,69.6,0.997,1.021,21.418917241379
Nevada,102.6,101.8,0.5225,12–19,12,31,48.3,48.1,42.6,41,20.7,17.8,33.8,32.2,68.4,46.2,46.4,34.8,34.6,9.1,7.8,47.7,51.7,34.4,30.8,68.4,77.77671483818439,80.49950000000001,0.796840631873625,2011,0,0,34.70116,,68,71.1,1.015,1.037,17.108087096774
Quinnipiac,103,102.2,0.5224,22–9,22,31,47.4,47.3,35.4,47,18.1,19.2,40.5,26.1,68.7,46.1,45.7,34.2,33.7,9.8,6.5,58,52.8,25.7,31.7,68.5,74.7522494245658,78.205,1.5179928028788487,2011,0,0,6.427240000000002,,61.3,67.6,1.046,0.978,6.2905612903226
San Jose St.,104,103.3,0.5194,16–15,16,31,45,49.5,37.9,38.7,16,17.1,32.5,29.2,68.2,41.3,49.2,36.5,33.4,6.3,8.1,49.7,56.5,27.4,35.3,67.7,76.69056834385823,79.83449999999999,1.8944422231107558,2011,0,0,14.157520000000002,,75.5,68.7,1.02,1.036,14.637483870968
TCU,101.5,100.9,0.517,11–22,11,33,49.3,51.6,28.7,39,18.6,19.5,27.3,28.1,67.8,47.8,52.7,35,32.9,6.3,8.7,57.7,57.6,32.5,34.1,67.6,76.76682789197903,80.42,1.6574000000000004,2011,0,0,22.428600000000007,,67.4,69.6,0.989,1.033,23.207178787879
Oregon St.,102,101.4,0.517,11–20,11,31,47.3,53.8,43.6,37.3,21.7,23.2,34.1,33,70,48.1,52.3,30.4,37.4,6.8,9.4,50.7,59.8,30.5,41.3,69.9,76.9294766966476,80.464,1.4148,2011,0,0,61.576600000000006,,68.1,67.6,0.989,1.039,24.858829032258
George Washington,100.4,99.9,0.5143,17–14,17,31,46.8,49.8,37.6,36.3,19.7,22.7,36.4,32.6,64.7,45.1,46.8,33.6,36.5,12.3,9.4,52.1,59.6,31.5,37.8,64.9,77.72182741116752,81.06649999999999,1.3551289742051589,2011,0,0,8.896760000000002,,62.7,70.9,0.999,1.006,15.876064516129
Sam Houston St.,102.4,102.1,0.5084,14–13,14,27,49.7,50.3,36.3,39.6,20.3,20.6,34.8,28.6,67.1,51.7,50.4,30.6,33.4,6.4,7.5,67.7,60.3,34.7,30.2,66.7,75.28781985670419,78.76550000000002,2.4826,2011,0,0,2.9599200000000025,,68.5,68.6,1.033,1.01,11.956088888889
Green Bay,103.2,102.9,0.5084,13–18,13,31,47.8,51.8,34.3,46.1,19.9,21.9,35.7,32,65.5,47.7,48.9,32,38.6,10.3,8.8,47.6,55.2,26.7,32.1,66,76.17144034617763,80.59499999999998,1.907563025210084,2011,0,0,19.485159999999997,,70.3,72.3,1.016,1.052,20.981129032258
Jacksonville,96.8,96.6,0.5059,18–11,18,29,45.8,46.4,39.6,45.2,21.7,22.8,36.4,32.1,68.1,46.2,46.2,29.8,31.2,10.9,8.3,49.7,49.2,25,31.6,68.7,75.03713474025972,78.132,1.652130426085217,2011,0,0,13.907400000000003,,67.3,67.3,0.975,0.942,13.015493103448
North Dakota St.,103.8,103.6,0.5055,12–15,12,27,50.9,49.1,39.8,38.4,18.8,18.3,34.6,31.1,68.3,49.5,48.4,36.7,34.1,5.8,10.7,49.7,45.2,26,26.7,68.4,77.15524839743588,79.4665,1.4200840168033606,2011,0,0,3.110360000000004,,69.4,73.1,1.068,1.039,13.474803703704
Hawaii,99.9,99.9,0.5,16–12,16,28,51.1,45.9,41.4,37.8,23.3,18.8,32.3,32.1,68,49.8,43,35.6,34,11.1,7.8,51.1,55.9,33.3,35.5,67.4,77.69979879275654,80.98299999999999,1.4533704513819847,2011,0,0,13.541000000000002,,69,69.1,0.998,0.987,14.575292857143
Davidson,101.4,101.4,0.5,16–14,16,30,48.9,48.3,37.1,49.8,21.3,19,35.7,28.8,67.8,47.8,47.3,33.7,34,7.3,10.8,51.8,44.8,40.1,27.8,68.2,77.47697031729786,80.29450000000001,1.120800000000001,2011,0,0,30.06056,,73,70,1.035,1.012,15.05215
Ball St.,101.6,101.7,0.4972,18–12,18,30,49.2,48.5,50.4,31.6,19.8,21.3,31.8,33.5,64.7,48.6,47.4,33.7,33.9,5.3,9.7,60.2,54,27.3,32.8,64.8,75.32179930795849,78.20800000000001,1.2635472905418914,2011,0,0,0.20004000000000283,,69.1,66.2,1.03,0.988,12.019906666667
Massachusetts,97.5,97.6,0.4971,14–15,14,29,44.4,46.7,37.3,41.8,20.1,19.9,34.8,33.8,68.3,45.2,45.1,28.6,33,11.1,11.4,48.6,59.6,33.1,38.2,68.2,77.38547934215805,80.464,1.7420968387354945,2011,0,0,30.282159999999998,,66.1,67.9,0.958,0.998,14.602872413793
La Salle,105.5,105.8,0.4918,15–18,15,33,49.6,50.2,32.9,35.5,21,18.8,37.3,35.1,71.9,47.7,48.8,36.4,35.7,9.2,11.7,53.7,56.4,27.6,30,72.3,77.2562713224965,80.59599999999999,1.3227354529094182,2011,0,0,20.410160000000005,,70.9,70.2,1.039,1.063,17.089157575758
Western Michigan,103.7,104,0.4917,19–12,19,31,48.9,48.9,35.8,35.2,20.1,18.5,36.5,31.7,67.6,47.7,46.9,34.5,35.7,8.8,7.4,49.9,51.6,28.6,29.8,68,76.48155216284987,79.59100000000001,1.464,2011,0,0,25.028360000000003,,71.5,66.6,1.042,1.017,11.985777419355
Western Carolina,97.9,98.4,0.4854,17–15,17,32,47.5,50,30.6,48.4,20,22.4,33.5,31.5,69.4,46.2,51.3,33.7,31.3,8.2,7.2,50.6,50.1,28.8,29.9,69.5,75.8069134792391,78.588,1.6070000000000007,2011,0,0,4.280960000000002,,65.9,67.9,0.989,0.999,15.17925625
American,102.3,102.9,0.4832,22–9,22,31,50.6,47.5,37.5,37.4,17.7,16.5,29.8,26.2,61.9,50.5,44.6,33.8,36.1,7.6,6.2,60.1,51.8,34.8,30,61.7,77.33923425277891,80.1325,2.2616523304660925,2011,0,0,17.360600000000005,,71.8,72.8,1.052,1.012,13.206977419355
UNC Asheville,98.4,99,0.4825,16–13,16,29,49.2,47.7,41.8,39.6,21.4,24.3,32.1,35.8,69.6,49.1,46.1,32.9,34,11.6,9.2,55.5,52.6,26.2,32.9,69.6,75.55623596652377,77.96649999999998,1.7894421115776855,2011,-0.1,-0.013157895,3.8530400000000005,,70,68.5,1.01,0.967,12.977744827586
North Texas,107.4,108.2,0.4787,20–11,20,31,53,49.1,50,35.7,19.5,16.1,30.8,30.2,68.5,52,48.8,37.3,33.2,5.4,8.6,48.6,48.4,26.8,29.4,68.3,75.95627644569818,79.83050000000001,2.627999999999999,2011,0,0,22.458000000000002,,75.4,67.9,1.098,1.046,8.9288580645161
Evansville,99.9,100.7,0.4771,14–15,14,29,48.4,51.8,46.9,42.5,19.6,22.2,25.4,29.7,66.1,47.4,51,34.3,35.4,5.8,10.8,62.5,57.3,25.8,36.3,67.3,76.41766013336029,79.35000000000001,1.8150000000000004,2011,0,0,10.523320000000002,,71.1,69.5,0.984,1.019,19.457996551724
Purdue Fort Wayne,103.7,104.7,0.4724,17–12,17,29,52.6,51,35.6,48.7,18.1,20.3,28.4,28.6,67.2,49.7,51.7,38.4,33,7.7,10.6,56.9,48.8,37.1,30,66.4,75.96112006446414,79.238,2.1399720055988802,2011,0,0,4.218320000000002,,77,72.4,1.082,1.037,15.706089655172
Florida Atlantic,101.2,102.3,0.469,19–10,19,29,48.8,47.7,39.5,39.4,17.5,19.5,32.1,35.3,64.2,48.9,45.7,32.5,35.2,12.4,8.8,49.6,45.2,30.2,28,64.2,74.45018602728399,79.00699999999999,1.5441823270691728,2011,0,0,19.059359999999998,,65.1,69.6,1.036,1.021,12.521713793103
Stephen F. Austin,96,97.1,0.4673,14–11,14,25,48.6,48.6,34.8,35.2,22.7,23.4,36.7,27.5,61.9,49,50.7,31.4,29.3,3.3,7.6,62.4,50.7,24.1,31.7,60.7,75.22693165686474,78.505,2.0053989202159563,2011,0,0,1.3022000000000031,,71.5,66.7,1.001,0.93,9.264384
Weber St.,102.9,104.1,0.4667,15–13,15,28,51.3,49.1,36.3,38.6,19.4,17.1,26.5,28.3,65.1,45.8,45.1,40.8,37.5,7.8,9.7,52.2,50.6,35.8,35.7,65.5,77.25948985740106,80.36550000000001,1.6467999999999998,2011,0,0,5.027160000000001,,75.8,71.8,1.041,1.034,14.659425
Cal Poly,95.6,96.8,0.4642,15–14,15,29,45.5,45.1,37,42.4,18.9,21.6,32,31.6,61.4,44.1,45.6,31.7,29.3,6,13.6,55.5,54.4,39.4,34.2,60.7,76.42577626541896,78.1535,1.5242000000000004,2011,0,0,0.20000000000000284,,67,70.9,0.969,0.96,13.204262068966
Southern Illinois,97.1,98.4,0.4618,13–19,13,32,47.1,48.8,38.4,42.4,22.2,19.2,30.4,28.2,63.7,46.6,46.3,32.1,36.5,7.1,6.4,52.8,51.4,27.1,28.8,64.8,76.62560096153847,79.80550000000001,2.0503899220155977,2011,0,0,18.137880000000003,,69.2,71.3,0.95,1.012,18.23695
Northeastern,107.5,109,0.4602,11–20,11,31,50.7,53.5,35.8,42.9,19.8,19.8,30.2,35.8,63,47.8,51.1,37.9,39.4,6.4,11.7,59.4,56.3,31.6,31,64,77.21906526662549,80.50750000000002,1.1335198880671595,2011,0,0,16.784599999999998,,75,71.9,1.048,1.109,17.811009677419
Lipscomb,103.5,105.2,0.4533,16–13,16,29,51,50.1,40.5,39,21.4,20,33.4,32.1,71.3,51.7,50.6,33.1,32.7,5.5,9.8,57.7,54.8,34.3,35.3,70.7,76.98193993506493,79.51700000000001,1.9838064774090367,2011,0,0,6.990280000000002,,70.5,65.7,1.042,1.019,15.750365517241
Miami OH,103.2,104.9,0.4532,15–16,15,31,50.1,50.3,36.8,32.4,21.7,16.3,29.1,32.2,64,48.6,48,34.8,37,6.9,9.2,49.9,53.4,41.5,31.6,64.1,76.62090038704419,79.734,1.5708000000000002,2011,0,0,27.183159999999997,,72.8,70.2,1.008,1.072,22.483667741935
LSU,95.8,97.4,0.4525,11–21,11,32,45,46.4,37.6,40,21.7,20,32.1,35,65.9,44.2,45.3,31.2,32.8,8.6,11.4,52.6,40.7,32.4,30.2,66,77.02992776057792,80.64099999999999,0.9853970794158828,2011,0,0,72.42939999999999,,66.5,70.6,0.937,1.002,21.09846875
Boston University,101.7,103.4,0.4525,21–13,21,34,47.4,45.6,37.7,30.6,19,17.9,34.6,34.2,62.7,43.5,44.1,35.5,32.1,10.6,11.1,45.8,53.4,39.8,37.6,63.9,76.0423439694963,78.9,1.668732506997201,2011,-0.1,-0.013157895,5.7791200000000025,,73.1,70.5,1.037,1.006,11.59645
Canisius,101.1,103,0.4467,15–15,15,30,49.1,46.6,27.4,39.4,20.5,20.2,34.1,35.7,67.2,47,44.6,34.9,34,12.6,8.7,60.8,57.1,38,31.5,66.4,75.91589171316389,78.49150000000002,2.1207758448310328,2011,0,0,8.161040000000002,,69.9,69.2,1.013,1.003,11.863743333333
Penn,101.2,103.1,0.4467,13–15,13,28,51.9,52.5,37.8,33.3,21.2,21.1,26.3,29.2,63.7,50.1,51.6,36.9,36.1,6.9,10.7,59.5,61.4,35.3,35.6,64,77.2003465453758,79.6235,1.9339603762257354,2011,0,0,7.881720000000001,,73.7,76,1.019,1.04,17.126246428571
Drake,99.8,101.7,0.446,13–18,13,31,49,50.1,38.1,36.2,18.5,20.1,23.9,31.5,65.4,46.8,50.6,35.4,32.8,7.6,7.1,52.3,52.3,35.6,31.6,66,77.30607237783683,81.04050000000001,1.3237294917967186,2011,0,0,26.228080000000002,,68.5,71.8,0.981,1.031,16.973858064516
Fresno St.,99.5,101.8,0.4347,13–17,13,30,47.7,50,39.4,39.5,20.3,20.4,33.6,30.9,67.3,49.6,47.8,29.5,36.4,9.7,8.5,59.9,54.9,36.5,32.5,66.5,77.33116354759966,80.3595,1.2320464092818564,2011,0,0,18.4984,,63.2,68,0.997,1.01,16.35065
Columbia,101.1,103.5,0.433,14–13,14,27,47.6,50.7,36.4,39.5,18.3,18.5,34.2,27.1,68.2,46.3,49.1,34.1,36.8,7.1,7.9,46.1,51.5,28,26.4,68.3,76.5242153398462,79.90749999999998,1.5296118447378948,2011,0,0,4.340080000000003,,71.8,72.5,1.031,1.037,12.184188888889
Bradley,99.6,102.1,0.4292,11–20,11,31,47.2,49.7,33,38.3,18.3,19.3,26.6,29.8,65.9,45.8,49.1,34,33.8,7.6,7.5,49.9,64.7,27,38,66.8,77.41626409017712,80.1875,1.6952609478104375,2011,0,0,24.483,,72.5,72.1,0.98,1.028,18.541696774194
Lehigh,100.9,103.5,0.4274,16–15,16,31,46.5,48.7,46.4,38.1,18,20.7,30.8,31.3,71.1,45.5,46.2,32.8,36.1,9.6,10.1,50.1,55.5,29.5,31.7,71.4,76.38006230529597,79.98200000000001,1.5256948610277954,2011,0,0,4.181920000000002,,75.5,68.4,1.022,1,11.220567741935
Loyola Marymount,100.6,103.2,0.4272,9–21,9,30,46.7,48.7,37.5,37.3,20,18.1,34.8,32.3,68.3,46.1,47.3,32.4,34.6,10,6.7,54,57.3,25.3,30.2,67.6,75.88337064929777,79.318,1.3053999999999997,2011,0,0,24.998120000000004,,68.9,72.5,0.998,1.042,16.105173333333
Maine,103.7,106.4,0.4266,14–15,14,29,51.4,48.6,40.5,33.2,19.7,17.9,30.7,32.3,64.6,50.8,44.9,35,37.1,9.2,9.4,54,57.1,34,35,66,76.32802098043172,79.26400000000001,2.099039615846339,2011,0,0,0.7503600000000024,,70,70.9,1.051,1.036,12.093486206897
Yale,97.9,100.5,0.4252,14–13,14,27,49.4,47,39.6,36.2,20.3,17.5,27.2,28.8,66.5,48.5,45,34.2,34.8,11,10.1,53.6,46.6,32.6,27.4,66.8,76.30038641448039,80.74050000000001,1.5763999999999996,2011,0,0,11.135840000000002,,73.4,70.4,0.996,0.999,14.708333333333
Tulane,100.9,103.6,0.4247,10–17,10,27,49.1,52,35.9,38.2,19.2,23,30.5,31.8,65.5,46.5,51.5,35.6,35.4,8,11.4,56.6,59.7,37.9,32.8,65.8,76.42549702807953,78.164,1.975,2011,0,0,31.340719999999997,,69.8,71.4,1.024,1.018,16.951088888889
Denver,99.5,102.2,0.4236,13–17,13,30,54.2,50.4,38.1,62.3,20.8,23.4,20,31.6,58.6,49.5,47.1,40.1,40.9,10.9,11.7,66.1,40,43.7,23,58,77.04552812626466,79.09100000000001,1.512,2011,0,0,10.625080000000002,,72.5,69.1,1.007,1.017,11.093156666667
Delaware,99.1,101.9,0.4206,14–17,14,31,47.3,46.5,40.2,41.6,18.6,15,28.1,32.4,63,44.9,46.6,34.9,30.8,10.3,8.4,48.7,47.1,32.8,27.8,64.5,75.55853607818673,79.085,1.7599039615846341,2011,0,0,19.575000000000003,,69.1,71.2,0.992,1.05,17.157496774194
Siena,98.8,101.6,0.4203,13–18,13,31,45.7,48.7,33.5,31.2,20.8,18.8,37.1,32.1,68.2,44.2,48.1,33.4,33.4,9.5,10.7,49.6,51.3,26,33,68.9,76.56269175700552,80.436,1.6637345061975215,2011,0,0,13.237960000000003,,67.9,70.5,0.983,1.014,13.841296774194
McNeese St.,104.1,107.4,0.4112,17–11,17,28,48.9,49.3,39.7,43.9,18.3,19.7,32.2,35.3,67.4,47,48.8,34.9,33.3,9.2,8,44.9,51.7,34.4,37.1,66.4,75.80537052456287,79.70299999999999,2.6460707858428316,2011,0,0,0.20004000000000283,,74.3,66.4,1.052,1.047,11.960375
Saint Joseph's,103.5,106.8,0.4107,11–22,11,33,47.3,49.6,34,34.8,17.1,16.7,28.5,34.7,63.9,46.3,47,32.8,36.7,14.5,9.6,55.3,62.9,35.2,32.7,64.4,76.21473513294093,80.23349999999999,0.8994,2011,0,0,57.261919999999996,,70.7,70.5,1.002,1.083,21.208563636364
Cornell,103,106.3,0.4103,10–18,10,28,49.6,51.3,31.1,44.2,18.2,20.7,29.5,32,66,44.8,51.2,37.4,34.4,7.4,11.6,61.7,57.9,42.5,33.1,67,76.446221848032,79.21350000000001,1.940188037607522,2011,0,0,4.592680000000003,,68.9,72.2,1.026,1.057,15.526107142857
Loyola MD,101.2,104.6,0.4061,15–15,15,30,47,49.1,37.2,39.8,19.9,20.3,36.7,31.4,66.1,45.3,48.5,33.9,33.8,10.7,9.3,50.9,46.6,31.6,24.4,66.2,76.62176059234882,80.189,1.5192884269438331,2011,0,0,13.088960000000005,,70.6,69.3,1.016,1.01,13.201643333333
Charlotte,99.8,103.2,0.4049,10–20,10,30,47.6,49,37.6,31.7,21.8,17.1,31.5,31.1,65.6,46.1,50.7,33.3,30.6,8.5,10.5,52.4,55.1,37.2,35.8,65.7,76.61183673469388,80.24,1.8285657131426283,2011,0,0,27.82552,,72.9,71.1,0.975,1.04,19.04757
Middle Tennessee,96.8,100.2,0.402,15–16,15,31,47.4,49.1,48.2,57.5,22.4,24.3,34.6,31.1,67.1,45.9,47.1,34.2,35.2,11.3,9.9,46.4,52.8,28.6,34.3,66.9,76.23239436619718,80.18849999999999,1.7375999999999991,2011,0,0,11.143440000000004,,71.1,68.9,1.003,0.978,10.079296774194
UTSA,101.1,104.8,0.3981,16–13,16,29,49.4,48.8,41.6,37.8,19.6,19.9,29.9,33.4,68.7,46.6,47.9,36.3,33.6,6.9,9.7,53.6,54,35.9,39,68.1,76.69645799011532,79.0695,1.4604920984196843,2011,0,-0.013157895,11.623360000000003,,72,70.4,1.026,1.029,8.7205103448276
Houston,100.9,104.8,0.3927,10–18,10,28,51.1,48,41.4,40,23,18.9,30.6,36.4,66.4,48.6,47.5,38.1,32.7,10.6,9.6,54.4,55.3,29.2,31.8,66.6,76.70161616161614,79.943,1.9566173530587765,2011,0,0,0.20008000000000287,,67.2,69.3,0.997,1.045,14.953057142857
Appalachian St.,103.3,107.3,0.3925,14–15,14,29,50.5,52.4,39.2,30.7,18.6,17.6,29.9,31,68,50.7,52.7,33.5,34.5,6.6,6.9,40.7,52.5,33.1,31.3,67.4,76.21095499898186,78.2665,2.0261999999999993,2011,0,0,3.335600000000001,,71.3,69.3,1.047,1.074,14.831075862069
Mercer,99.2,103.1,0.3909,14–18,14,32,47.6,49.5,44,47.6,20.3,22.3,30.2,33.5,67.6,46.6,50,32.9,32.4,7.8,10.2,53.4,50.9,36.3,34.4,66.9,76.31612116283797,78.964,1.6462707458508303,2011,0,0,0.2000400000000028,,68.9,69.3,0.985,1.012,14.8749375
UC Irvine,101.1,105.1,0.3903,12–19,12,31,48.1,49.7,42.1,40.4,17.5,19.4,25.7,30.8,71.7,45.8,49.9,34.8,32.9,4.6,7.5,49.1,53.1,35.8,37.4,71.4,75.42136854741896,77.976,1.9929999999999999,2011,0,0,2.991440000000003,,73.7,71.8,1.016,1.035,13.421377419355
DePaul,101.3,105.4,0.3879,7–24,7,31,47.1,54.1,33.3,39.4,19.4,22.1,29.9,39.1,68.9,47.1,54.6,31.4,35,7.7,10.1,58.2,57,28.8,23.1,69.5,76.752984767394,79.75200000000001,1.4123175364927016,2011,0,0,50.38616,,68.3,71.6,0.973,1.1,30.049141935484
Illinois St.,96.4,100.3,0.3879,12–19,12,31,47.3,49,33.6,34.6,21.2,18.4,30.7,28.1,62.4,47.6,46.7,31,35.5,11.7,6.2,50.9,53.7,30.8,34.9,63.3,76.56400742115027,80.18499999999999,1.6536692661467698,2011,0,0,9.460320000000001,,70.8,69.2,0.968,1.011,14.517358064516
Western Kentucky,99.4,103.5,0.3858,16–16,16,32,48.4,49.4,37.4,31.1,21.4,20.3,36.1,35.7,68.8,49.1,47.1,31.2,36.3,9.5,8.1,48.5,50.4,30.9,31.3,68.5,76.50923645320196,78.4045,2.125974805038992,2011,0,0,16.98456,,64.2,65.3,1.01,1.019,11.27653125
UNC Wilmington,100.4,104.7,0.3817,13–18,13,31,50.1,49.6,28.7,31.2,21.7,19.2,33.6,37.2,61.7,47.1,48.1,36.9,34.9,9.4,10.9,49,54.8,36.4,35.5,62.9,75.9030229255427,79.2015,1.6066786642671458,2011,0,0,5.445840000000002,,68.9,65.5,1.013,1.06,17.145951612903
Georgia St.,94.2,98.3,0.3799,12–19,12,31,47.5,46.3,32.8,50.6,23,20.8,35.8,31.5,63.6,45.4,44.5,35,33,14.7,9,57.1,55.8,30.5,34.8,64.5,77.13615702479339,79.926,1.7027999999999999,2011,0,0,32.973679999999995,,59.4,71,0.954,0.989,14.241670967742
Wyoming,97.7,102.1,0.376,8–21,8,29,46.9,52.9,41.2,33.5,21.1,21.6,28.5,33.3,67.8,49.3,50.5,28,38.1,10.8,9,44.3,51.5,32.2,36.2,67.4,77.27754449110178,81.3245,1.6746650669866017,2011,0,0,13.247639999999999,,66.9,70.8,0.952,1.051,22.212137931034
Hampton,93,97.2,0.3757,23–8,23,31,46.2,42.5,42.2,36.7,17.8,23.1,29.5,36,67.2,45.1,40.5,32.1,31.2,14.6,9,52.2,46.1,35.7,30.9,67.2,77.02807862013638,79.885,2.1934000000000005,2011,-0.1,-0.013157895,10.85344,,64.7,66.7,0.98,0.907,5.1790322580645
William & Mary,101.7,106.4,0.373,9–21,9,30,52,50.5,36,29.6,20.5,15.5,24.4,30.4,63.3,51,48.6,35.6,35.8,8.6,11.4,61,54.3,43.2,37,64.3,77.3201373459907,80.15349999999998,1.2722544508901783,2011,0,0,9.195760000000002,,70.6,71.8,1.006,1.083,17.55798
St. Francis NY,96,100.6,0.3686,15–15,15,30,46.1,49.2,40.1,45.5,19.7,24.6,32.2,35.8,67.7,45.8,49.5,31.1,32.4,6.5,9.2,51.9,55.5,39.9,27.5,67.6,75.3222244529211,78.617,1.8868678792724363,2011,0,0,0.522520000000002,,66.2,68.2,0.986,0.98,10.142443333333
Arkansas St.,98.7,103.6,0.3642,15–15,15,30,47,48.7,42.7,40.2,20.2,19.6,35.1,30.1,65,46.3,46.5,32.5,35.7,8.6,10.1,47.7,48.8,28.1,31.4,65.6,76.07171717171717,79.15549999999999,1.8702259548090385,2011,0,0,22.815480000000004,,70.8,69.8,1.012,1.014,12.478083333333
Tennessee St.,101.2,106.3,0.3623,12–16,12,28,50.2,50.4,38.8,35.5,22.7,20.4,31.4,35.9,65.5,46.5,50.1,37.6,34,9,9.3,54.9,55.4,37.1,33.7,66.2,76.22282828282829,79.9585,1.017617617617618,2011,0,0,0.19980000000000284,,75.4,67.8,1.01,1.046,11.330357142857
Stony Brook,92,96.9,0.3551,14–17,14,31,44.1,45.3,30.9,34.7,19.2,21,31.5,31.7,62.6,40.3,44.7,33.9,30.8,8.1,8.2,43.9,53.8,36,38.3,64,76.2911747048229,79.99300000000001,1.3466693338667737,2011,0,0,8.205800000000002,,65.2,70.7,0.941,0.951,10.922296774194
Little Rock,99.3,104.6,0.3548,17–16,17,33,47.7,50.3,42.4,45.3,17.9,20.8,29.3,31.9,64.7,42.1,49.9,39.7,34,7.2,10.4,50.2,55,31.7,35.5,65.4,74.4796633941094,78.51599999999999,2.187762447510498,2011,0,0,0.20004000000000283,,69.4,70.2,1.017,1.037,9.9951
VMI,107.1,112.9,0.3529,14–13,14,27,52.8,51,34.3,36.1,17,19,28.9,37,76,51,50.9,36.7,34.3,9,9.1,48.2,54.4,46.5,26.8,76.4,75.47920913167552,78.8015,1.4221155768846239,2011,0,0,0.20004000000000285,,70.4,68.4,1.094,1.078,10.535118518519
Elon,103.1,108.7,0.3525,11–17,11,28,49.9,53.1,38.9,38.5,18,19.5,27.8,33.4,69.6,47.3,50.6,35.4,39.2,6.2,10.1,56.7,48,44.4,30.5,68.5,76.98820179007323,80.556,1.3426,2011,0,0,4.7293600000000025,,72.2,67.4,1.039,1.085,13.076192857143
Tennessee Tech,99.1,104.5,0.352,17–12,17,29,50.6,49.9,41.9,44.7,22.1,21.2,34.4,29.4,70.3,50.5,49,34.1,34.5,5.8,8.4,52.4,56.8,23.3,32.9,70.9,76.55553307707868,79.7645,1.8302000000000005,2011,0,0,25.130080000000003,,68,71.1,1.017,1.011,10.347306896552
Cal St. Northridge,98.8,104.2,0.3516,12–18,12,30,48.1,50,49,56.2,22.6,20.9,32.4,33,69.3,47.5,49.5,32.9,33.9,10.3,7.9,52.9,59.6,32.3,37.4,69.2,75.5090216519647,78.851,1.9991999999999996,2011,0,0,4.017760000000003,,66.7,69.5,0.985,1.04,13.50176
Albany,100.2,105.7,0.351,16–16,16,32,49.4,47.8,29.7,27.8,20.6,16.8,35,32.9,61,45.2,46.8,37.7,32.9,8.3,9.9,51.2,59.3,37,40.3,61.6,76.33988251974884,80.681,1.0496099219843966,2011,0,0,0.1999600000000028,,64.5,63.7,1.011,1.029,9.15483125
North Florida,98.2,103.6,0.3508,15–19,15,34,49.4,48.2,42.5,39.4,24.4,21.4,31.3,40.5,67.7,49.3,48.2,33,32.2,7.4,12.5,53.3,49.1,35.4,27.9,66.9,75.9441056910569,78.42,1.192877150860344,2011,0,0,0.19992000000000287,,66.1,66.8,0.948,1.044,22.491717647059
Youngstown St.,99.5,105.1,0.3476,7–21,7,28,47.9,51.1,29.6,44,17.3,18.6,26.4,34,69.2,46.5,49.7,33.4,36.4,11.8,6.6,59.5,54.3,39.3,28.1,69.9,75.99048997312383,78.8075,1.6001999999999996,2011,0,0,6.086800000000002,,61.3,68.9,0.971,1.075,17.206157142857
Brown,101.7,107.5,0.3457,10–17,10,27,50.6,50.9,35.8,30.2,17.4,15.4,22.3,28.4,68.9,49.4,50.3,35,34.7,7.4,10.7,58,51,39.1,32.4,69.4,76.914013384709,79.744,1.559688062387523,2011,0,0,7.216480000000001,,75.7,70.1,1.024,1.07,11.205314814815
Nicholls St.,96.6,102.2,0.3434,10–14,10,24,48.8,51.1,37.4,46.6,19.8,24.6,27,33,62.1,49.2,51.3,32.2,33.7,3.5,10,60.2,55.3,40,32.9,61,74.4251101321586,77.30400000000002,2.033213285314125,2011,0,0,0.19992000000000285,,69.8,71.6,0.988,1.007,12.605725
Lafayette,100.3,106.4,0.3365,12–19,12,31,49.7,50.9,36.5,39.9,19.7,19.8,26.1,32.3,66.7,47.5,49.7,35.3,35.5,6.6,9.9,63.3,52.5,39.9,34,66.3,77.12569202378512,80.34499999999998,2.0296000000000003,2011,0,0,1.2521600000000015,,75.9,70.6,1.009,1.053,13.191412903226
Wagner,98,104,0.3355,13–17,13,30,49.8,47.5,41.2,62.2,22.2,22.2,25.1,35.7,67.8,46.8,45.4,37.1,35.4,10.7,7.6,62.4,54.6,34.3,27,67.9,75.85027388922704,79.52050000000001,1.1226000000000007,2011,0,0,0.5648000000000029,,77.2,71.4,0.982,1.024,12.94473
Eastern Kentucky,101.3,107.7,0.3308,13–16,13,29,51.1,52,33.6,43,19.3,22,25.9,33.8,62,48.9,50.3,35.9,37.2,7,10.9,60.8,57.4,43.1,31.4,62.1,77.1585414987913,78.86200000000001,1.9612000000000003,2011,0,0,1.561120000000002,,73.8,68.5,1.026,1.04,10.967082758621
Louisiana,97.2,103.5,0.3269,13–14,13,27,47.9,48.7,44.2,46.5,21.8,20.4,35.4,31.7,69.1,46.5,47.5,34.6,34.3,11.3,9.6,41.3,44.6,26.7,30,69.3,75.7687019813991,78.71,1.8356328734253156,2011,0,0,3.464680000000002,,67.5,70.5,1,1.018,9.4479666666667
Lamar,99.9,106.4,0.3263,9–17,9,26,47.3,49.8,39.8,43.8,20.1,20,36.5,33.5,74.7,44.8,49.4,35,33.9,9.4,9.1,49.9,52.7,32.5,29.3,74.7,75.83202099737534,79.5475,1.9771908763505404,2011,0,0,0.670480000000003,,68.5,68.9,1.026,1.036,10.187676923077
Auburn,95,101.2,0.3258,10–20,10,30,43.9,49.8,39.4,45.5,21.5,22.8,33.8,33.6,65.5,42.2,49.5,32.1,33.5,10.8,12,52,62,27.8,41.3,66,75.45985251945925,79.34599999999999,1.069786042791442,2011,0,0,35.30948000000001,,65.3,67.8,0.931,1.005,20.238263333333
Utah Valley,99.4,105.9,0.3255,15–11,15,26,49.1,49.2,46.4,36.7,19.8,17.2,31.4,28,69.2,47.4,47.4,35.1,35.1,7.4,10,53.1,45.6,33.8,34.2,67.2,76.33807684488715,79.6045,1.7326534693061388,2011,0,0,0.20004000000000283,,75.9,62.7,1.043,1.012,7.5058384615385
Pepperdine,101.9,108.7,0.3224,11–21,11,32,47,53.3,39.7,38.2,19.6,17.7,34.1,30.5,67.2,46,51.5,33.1,37.6,8.4,9.3,51.7,63.6,29,36.7,67.2,77.72492307692308,80.3675,2.092000000000001,2011,0,0,0.20000000000000284,,71.8,69.1,1.015,1.094,18.84185625
Morgan St.,94.1,100.5,0.3194,17–14,17,31,45.6,47.5,45.4,43.9,22.2,21.1,36.7,31,68.2,46,47.3,29.6,32.1,10.1,11.5,52.5,52.5,24.7,28.8,67.4,77.30259605399792,80.7255,1.6335999999999995,2011,0,0,6.790480000000002,,68.1,69.3,0.975,0.98,9.9342838709678
Bowling Green,95.7,102.3,0.3171,13–19,13,32,47,50.9,30.7,38.6,20.4,22.7,30.3,33.2,66,48.2,49.9,29.3,35.2,9.6,7.5,56.3,65.8,26.6,37.1,65.8,76.34113645458183,79.81,1.4800079968012794,2011,0,0,11.899040000000003,,64.1,67,0.953,1.011,13.2207125
Holy Cross,99.1,106.1,0.3133,8–21,8,29,48.6,48.3,35.7,33.7,20.1,15.3,33.6,29.4,65.9,48.5,47.3,32.6,33.7,9.7,9.3,54,54,28.1,32.1,65.9,76.95738578160213,79.93850000000002,1.9273854770954189,2011,0,0,11.27636,,65,70.7,1.01,1.037,10.794862068966
Wake Forest,99,106.1,0.3108,8–24,8,32,47.6,51.2,38.4,32.4,21.8,17.4,26.3,35.4,70.7,45.1,49.3,35.9,37,12.6,7.8,49.3,56.1,29.6,30.4,70.5,78.20162128455623,81.4145,0.9993999999999998,2011,0,0,58.45676,,74.6,69,0.951,1.092,26.06815625
UC Davis,100.5,107.9,0.3064,8–20,8,28,52.9,51.8,34.5,40.6,20.2,19.4,23,34.8,68.2,50.8,51.7,37.5,34.7,6,6.5,59.4,51.4,39,29.4,67.7,78.02139144342262,80.8605,1.8150739704118357,2011,0,0,17.16668,,73.8,65.1,1.016,1.07,12.822192857143
Campbell,97.4,104.6,0.3057,11–19,11,30,48.5,49.5,41.3,51.3,22,22.2,34.4,34.4,65.7,47.6,45.8,34.9,37.6,15.2,10.9,56.2,62.5,20.7,35,65.3,76.74134334584899,79.615,1.8102379524095187,2011,0,0,4.081720000000003,,64.5,69.5,0.988,1.024,11.526136666667
Louisiana Tech,93.2,100.1,0.3055,11–20,11,31,47.2,49,36.3,42.8,24.4,19.7,31.5,28.1,68.3,46.1,48.8,32.9,32.9,6.9,8.2,45.3,54.4,34.1,35.8,67.6,76.12505201831044,79.653,1.2038407681536305,2011,0,0,23.226719999999997,,65.2,69.9,0.927,1,15.37534516129
Liberty,95.5,102.6,0.3048,16–13,16,29,47.1,49.4,35.7,35.3,22.8,20.3,37.8,31.4,66.2,46.5,49.1,32.3,33.4,8.7,8.7,51.7,53.7,28.5,34.3,65.6,76.18446601941747,78.528,1.3693783729762141,2011,0,0,8.321800000000001,,68.3,61.9,0.982,0.993,10.406906896552
UMKC,100.6,108.2,0.3021,15–14,15,29,50.9,52.9,40.9,39.1,20.7,19.2,31.5,33.3,66.6,49.9,52.1,34.9,36.6,6.7,9.2,45.3,54.2,41.3,31.2,65.8,76.17600964436407,78.5705,2.1259748050389926,2011,0,0,0.20004000000000285,,66.1,71.4,1.025,1.091,15.815437931034
Charleston Southern,99.6,107.2,0.3003,12–16,12,28,48,50.9,32.8,36.9,21.3,21.4,36.6,33.3,67.4,46.1,50.9,35,34,8,9.3,46.4,50.2,30.1,30.3,67.3,75.01063612190632,78.36399999999999,1.5840831833633269,2011,0,0,5.301080000000001,,74.7,66.7,1.02,1.024,11.231053571429
Cal St. Fullerton,103.4,111.5,0.2958,10–20,10,30,50.4,52.3,42.1,44,20.8,18.9,31.3,32.4,68.7,48.2,50.2,36.7,37,4.4,9.8,51.4,58.6,32,40.1,69.1,75.08858228354327,78.46900000000001,2.1495700859828033,2011,0,0,4.969080000000002,,71.7,72.5,1.03,1.1,12.422803333333
Winthrop,93.6,101,0.2942,11–17,11,28,44.8,48.1,36.6,39.4,18.8,21.1,32.5,31.2,67.1,44.6,46.3,30.2,34.4,9.4,9.6,47.9,54.1,23.8,35.2,66.1,76.4895918367347,79.7405,1.9814074370251893,2011,0,0,14.320160000000003,,64,69.1,0.957,0.989,11.905728571429
Texas St.,98.1,106,0.291,14–15,14,29,49.3,51.5,44.9,44,19.4,21.9,30.5,32.5,74.9,49.5,52,32.6,33.7,7.8,6.1,51,54.7,30.8,31.7,74.3,76.18260155929423,79.2615,2.4341131773645266,2011,0,0,18.94608,,67.7,69,1.014,1.038,9.4010724137931
Southern Utah,99.2,107.2,0.2907,10–18,10,28,50.2,51.5,46.6,50.4,23.3,19.1,36.3,33.3,68,49.6,49.5,35.2,37,12.1,6.8,57.7,49.3,17.9,32.8,67.4,77.17378110459235,80.17500000000001,1.570314062812562,2011,0,0,0.19996000000000283,,70.5,69.8,1.018,1.082,13.696492857143
Montana St.,98.7,106.7,0.2898,11–18,11,29,47.2,51.2,36.1,39.2,18.5,19.9,31,33.2,65.4,45.6,48.6,32.9,38,6.2,9.5,52,49,40.8,31,65.9,76.68070953436806,79.49099999999997,1.9724000000000004,2011,0,0,2.0782400000000028,,65,67.7,0.994,1.052,11.783751724138
Illinois Chicago,95.3,103.1,0.2881,6–24,6,30,46.4,50.6,30.7,35.4,24.3,17.9,35.8,31.5,65.4,46.3,48.9,30.9,36.4,6.9,8.3,49.3,53.6,27.1,30.5,65.6,77.01132075471696,80.50000000000001,2.493301339732053,2011,0,0,11.70328,,67.1,67.5,0.932,1.057,20.170813333333
Seattle,92.8,100.6,0.2833,11–20,11,31,44.6,51.1,35.8,46.8,23.4,23.6,35.7,32.5,74.6,44.2,50.9,30.3,34.4,5.2,11.5,47.2,58.7,30.5,32.9,73.9,75.4550801054553,79.27400000000002,1.6697321071571367,2011,0,0,0.20008000000000284,,65.7,72.2,0.924,1.017,11.946980645161
Southeastern Louisiana,98.4,107.1,0.274,12–14,12,26,46.8,51.1,37.4,40.8,19.3,20.6,31.4,34,66.5,46.1,49.8,32.1,36.4,9,11.9,58,48.8,33,28,65.3,75.61524315488354,78.1745,2.3661464585834326,2011,0,0,1.3720000000000028,,72.4,67.5,0.995,1.048,13.425173076923
Army,99.1,107.9,0.2732,10–19,10,29,49.5,51.5,29.9,41.5,20.5,19.9,29.3,31.3,68.3,45.1,49.6,37,36.5,4.6,11.8,57,59.5,42.5,36,68.2,73.89290322580645,76.3245,1.5474905018996203,2011,0,0,2.7524400000000018,,71.8,69.3,0.996,1.056,9.2279862068965
Northwestern St.,100.3,109.3,0.2713,16–13,16,29,49.9,50.4,50.6,47.7,22.4,24.3,35.9,41,73.7,48.9,46.8,34.5,38.7,17.8,6.9,50.2,56.6,32.6,32.2,72.4,75.75111290975316,78.873,1.8588564574170339,2011,0,0,0.3976800000000029,,63.6,69.3,1.023,1.048,9.4314310344828
UT Arlington,94.5,103.1,0.2686,9–16,9,25,50.2,48.7,33.2,46.8,24.9,22.4,32.3,34.5,69.7,49.4,47.3,34.4,33.9,7,9.8,49.3,57.6,37.8,39.8,68.4,75.80435224730527,78.255,1.013597280543891,2011,0,0,6.9866399999999995,,69,67.2,0.971,1.001,11.968328
Eastern Washington,97.6,106.7,0.264,8–20,8,28,46.6,50,36.5,46.7,20.4,19.3,32.3,34.9,66,41.9,48.9,36,34.9,10.4,12,51,58,38.2,30.2,65.5,74.50163065633917,79.26299999999998,1.4192838567713544,2011,0,0,0.9618000000000027,,66.2,72.1,0.974,1.069,14.454610714286
Hartford,92.3,101,0.2619,11–20,11,31,45.8,51.3,23.5,38.8,19.3,25.1,27.6,33,63.6,45.9,48.8,30.5,36.5,8.6,11.2,54.6,57.9,49.5,41.5,64.6,76.53606279168434,79.534,2.4666133546581372,2011,0,0,0.22792000000000276,,60,72.1,0.924,0.993,11.352129032258
Towson,104.9,114.8,0.2617,4–26,4,30,49.3,55,37.6,34.3,18.2,17.6,30.3,35.3,65.5,47.4,52.5,35.6,40.2,7.5,8.4,47.8,55.5,30.8,31.9,66.5,76.37547509501898,79.6745,1.7705541108221645,2011,0,0,32.33408,,72.3,70.5,1.037,1.151,14.78098
Presbyterian,99.2,108.7,0.2589,13–18,13,31,51.5,51.4,30.5,27.3,22.2,18.2,26.8,33.3,61.4,47.5,51.1,39,34.6,4.7,9.8,54.1,47.9,36.5,32.3,60.6,76.24220183486239,79.591,1.6065573770491808,2011,0,0,3.4376800000000025,,72.7,69.4,0.992,1.07,14.194580645161
Portland St.,102.1,112,0.2565,13–16,13,29,49.9,53.4,38.4,30,18.2,19.3,29.5,35.7,68.5,48.3,53.9,35.1,35,5.5,8.8,52.5,51.7,35.7,31.6,68.3,75.43141683778235,79.02499999999999,2.2731453709258145,2011,0,0,3.6435600000000026,,72.8,67.8,1.046,1.094,9.2889413793104
Central Michigan,90.6,99.5,0.254,9–21,9,30,43.2,50.4,33.1,52.9,21,22.4,32.3,30.1,64.8,40.7,48.8,33.3,36.7,10,10.2,41.1,50.2,27.7,25.9,64.4,75.44698205546494,78.7,1.6396720655868835,2011,0,0,21.174000000000007,,63,66.3,0.904,0.99,12.216743333333
FIU,100.7,110.6,0.2538,9–19,9,28,48.5,51.4,49.8,42.6,21,21.2,32,37.4,69.3,48,50.8,33,35,9.9,11.3,44.4,54.4,30.3,36.5,69.4,75.94481639277745,79.3155,2.0205999999999995,2011,0,0,10.458280000000002,,68.7,71.2,1.009,1.081,10.296346428571
Mount St. Mary's,92.9,102.1,0.2524,11–21,11,32,46.4,47.4,36.8,38.5,22.6,20.6,29.1,36.1,65.3,45.6,46.8,32.5,32.6,9,8.5,54.9,54.1,28.1,29.3,65.3,75.5286818551668,79.2315,1.3716,2011,0,0,2.712120000000001,,68,67.4,0.921,1.008,15.09515625
Troy,96.9,106.5,0.2523,7–21,7,28,47.3,52.1,29.2,36.5,19.7,19.5,30.3,31.8,70.9,44.8,49.9,33.8,37,9.6,11.5,53.9,55,41.3,39.5,71.3,75.64227476559314,79.74999999999999,2.4164,2011,0,0,14.224160000000003,,66.4,69.9,0.969,1.071,13.818985714286
Chattanooga,96.4,106.4,0.2432,14–16,14,30,48.3,53.4,41.3,33.2,21.2,17.9,30.4,26.1,70.3,48.6,53.5,31.9,35.6,4,8.8,58.9,62.1,46.3,45.8,70.4,77.45256957139955,80.27799999999999,2.1642000000000006,2011,0,0,27.413600000000002,,64.8,69,0.973,1.069,14.138553333333
Sacred Heart,96.5,106.7,0.2395,11–18,11,29,48.2,51,37.6,40.2,22.9,22,33.1,33.8,67.1,46.6,50.9,34.5,34.1,9,9.4,51.2,53.7,30.5,35.9,66.9,74.86283275756959,77.57549999999999,1.1989999999999994,2011,0,0,0.20000000000000284,,70.2,69.7,0.979,1.027,8.5665931034483
The Citadel,98.8,109.4,0.2365,8–22,8,30,47.2,53,29.4,31.9,19.5,15.9,32.8,28.6,64,46.4,53.7,32.9,34.5,4.4,8.7,53.3,54.3,27.5,36.3,63.7,75.80559615786176,78.193,2.5758000000000005,2011,0,0,1.3534400000000029,,73.2,69.1,0.991,1.1,15.66848
Eastern Michigan,88.9,98.5,0.2352,6–22,6,28,44.5,47.6,35.8,44.2,22,20.6,27.1,28.6,67,42.4,46.9,31.8,32.8,9.7,9.2,62,54.9,39.6,27.2,67.6,76.42508501700341,79.403,1.9414117176564685,2011,0,0,5.9586000000000015,,62.2,70,0.885,0.974,11.397732142857
Navy,90.9,100.9,0.2314,10–20,10,30,46.3,51.1,38.7,41.7,20.4,25.3,22.3,33.9,72.6,47.5,50.7,29.9,34.6,6.9,10.5,55.1,62.2,45.6,37.7,71.5,75.68374666939947,78.6475,1.620400000000001,2011,0,0,0.5132800000000027,,71.2,70.4,0.925,0.994,10.41755
Bethune Cookman,99.2,110.2,0.2298,17–12,17,29,46.6,52.6,39.6,46.8,18.3,21.5,33.2,32.2,62.1,46.5,52.2,31.4,35.7,6.4,9.5,48.3,48,23.9,31.1,61.8,75.7699205217037,78.366,1.7442977190876348,2011,0,0,0.19992000000000282,,70.3,66.6,1.012,1.048,9.2380344827586
UNC Greensboro,98.6,109.7,0.2267,7–24,7,31,48,54.2,36.5,43.5,21.2,19.7,32.3,35.2,71.3,45.8,52.5,35.6,38.2,6.6,8.6,45.3,54.6,28.7,36,70.7,76.57165991902833,80.42999999999999,1.1841631673665272,2011,0,0,13.18864,,69,71,0.984,1.117,17.741358064516
Northern Illinois,97.3,108.3,0.2259,8–21,8,29,47.1,50,38.5,43,20.5,16.7,30.9,29.7,69.1,46.6,48.8,32.2,35,6.4,8.6,51,49.9,31.4,31.9,68.9,76.02385284010514,78.61100000000002,1.7973594718943793,2011,0,0,13.118040000000004,,69.6,67.7,0.977,1.06,13.259065517241
UC Riverside,96.1,107.1,0.2233,10–19,10,29,46.5,51.8,32.9,39.7,20.7,19.6,32.9,32.6,65.7,44.2,47.7,35.2,38.4,11.6,6.6,49.9,57.5,27,41.8,65.4,75.77207392197126,79.305,2.0173965206958613,2011,0,0,4.308560000000002,,68.1,71.1,0.968,1.071,14.177303448276
Fordham,96.1,107.1,0.2233,7–21,7,28,45.2,49.5,30.7,35.6,20.7,15.5,34.2,33.7,67.9,42.6,48.1,33.6,34.8,11.4,8.8,54,59.4,33.1,35.6,67.9,76.98598415600243,80.02199999999999,1.3988393035821494,2011,0,0,12.530920000000002,,63.1,68.2,0.944,1.088,16.573907142857
New Hampshire,90.1,100.5,0.2216,11–18,11,29,42.9,46.3,34.1,37.7,19.2,19,31.7,31.3,61.9,42.7,44.5,28.9,33.4,8.5,9.9,48.1,41,40.7,30.9,63,77.0550760378134,80.71199999999999,1.6601320264052797,2011,0,0,1.1110400000000031,,61,67.3,0.918,0.978,10.80974137931
Monmouth,92.7,103.6,0.2178,9–21,9,30,46.5,49.2,37.9,32.9,22.5,20.9,31.3,33.3,64,45.3,46.2,32.5,35.5,6.6,12.9,59.5,63.9,35.3,41.5,63.8,75.46864287154669,80.34150000000001,1.9280143971205757,2011,0,0,0.20004000000000285,,63.9,67.4,0.933,1.014,9.8325533333333
Cal St. Bakersfield,97,108.5,0.2161,9–19,9,28,45,53,36,39.6,19.4,19.8,31.8,35.9,69.7,42.7,53.4,33.2,34.6,7.7,6.7,50.1,53.6,32.9,27.9,69.4,75.80762747576907,79.0155,1.7997198879551823,2011,0,0,0.19992000000000282,,68.9,73.3,0.968,1.101,13.368467857143
Coppin St.,96.1,107.6,0.2142,13–14,13,27,49.1,49.7,32,35.8,18.8,20.8,30.8,35.1,69.4,46,48.6,36.3,34.3,6.1,10.8,44.7,56.5,36.1,38.5,69.3,76.00020362451639,78.837,1.8977999999999997,2011,0,0,0.20000000000000287,,71.7,67.2,1.02,1.034,14.277237037037
San Diego,91.9,102.9,0.2141,4–24,4,28,46.5,50.9,36.6,43.3,22.7,20,25.7,36.8,65.5,46.2,51.5,31.5,32.9,8.1,9.4,52.5,54.5,32.6,28.8,64.8,76.4035016286645,79.80900000000001,1.588764494202319,2011,0,0,16.2362,,66.9,71.8,0.902,1.082,20.245525
Florida Gulf Coast,93.1,104.5,0.2094,10–20,10,30,45.4,52.2,42.6,35.3,23.8,21.5,35.4,32.7,69.2,43.5,50.1,33,36.9,6.3,8.6,54.3,56.7,31.9,39.9,69.2,76.39920866305707,79.15799999999999,1.2654000000000005,2011,0,0,6.296000000000003,,65.1,67.1,0.937,1.039,14.047983333333
South Dakota,98.5,110.8,0.2053,14–15,14,29,49.9,48.6,35.7,33.3,16.8,17.2,28.1,31.3,72.9,49.7,48.9,33.4,32,6.5,7.2,51.4,51.8,34.7,27.7,72.1,75.74268415741675,78.794,1.4901960784313726,2011,0,0,0.6302800000000027,,67.9,69,1.04,1.03,9.0886103448276
Savannah St.,88.3,99.5,0.2021,8–18,8,26,43.8,46.6,35.1,48.4,22.8,22.5,28.8,34.6,63.5,42.6,44.6,30.5,35,8.5,11,49.4,52.6,36.1,24.9,63.8,75.46292503072512,77.8545,1.0131999999999999,2011,0,0,0.20000000000000284,,66.8,68.6,0.878,0.981,19.032061538462
Idaho St.,96.9,109.2,0.2019,7–20,7,27,44.6,52.7,41,41.5,19.8,18.8,33.5,35,64.9,44.4,50,30.2,38.4,9.4,8.7,41.8,58.4,27.1,36.2,65,76.60475117755477,80.99099999999999,2.3823235352929415,2011,0,0,13.073720000000002,,70.4,70.8,0.975,1.11,16.429955555556
Gardner Webb,92.4,104.2,0.2007,9–21,9,30,46.9,51.5,31.4,39.5,22.6,21.4,30.7,29.1,65.5,45.6,48.8,32.8,38,6.4,10.9,45.8,55.9,35.9,32.6,65.1,75.55309553095532,78.70450000000001,1.4385754301720688,2011,0,0,2.5369600000000028,,64.2,72.1,0.928,1.026,14.237546666667
Jacksonville St.,94.3,106.6,0.1962,4–25,4,29,47.9,51.9,33.8,49.5,22.4,23.8,31.5,35.8,62.5,44.8,51.3,36.5,35.5,10.6,8,56.2,56.1,30.8,27.9,62.6,75.51160464185674,77.69100000000002,1.967987194877951,2011,0,0,1.912960000000003,,64.9,72,0.953,1.044,10.445779310345
North Dakota,91.9,103.9,0.196,15–14,15,29,47.6,48.7,44,41.9,20.9,19.9,28.8,28.5,67.9,46,46.6,34,35.4,9.9,8.1,53.2,52.5,33.7,31.3,67,75.86337998746606,79.065,0.7931586317263457,2011,0,0,0.19996000000000283,,66.5,70.1,0.961,1.003,9.7443724137931
Norfolk St.,96.3,109,0.1939,12–20,12,32,48.6,48.5,41,47.8,22.6,18.3,32.2,33.6,70.1,49.8,46,30.7,36.4,14.1,8.2,52.7,49.1,32,29.1,69.7,77.43392630241425,80.18849999999999,2.090945432740355,2011,0,0,0.8324400000000024,,67.8,70.1,0.981,1.048,9.632596875
South Alabama,98.4,111.4,0.1936,10–16,10,26,46.5,52.7,40,35.7,20.2,20.4,35.1,35.1,68.8,45.4,50.2,32.7,39,11.9,10,49.8,49.1,29.7,30.3,68.3,75.64178794178792,78.00000000000001,1.6292741451709647,2011,0,0,14.485040000000003,,67,67,0.996,1.074,13.004026923077
Jackson St.,93.4,105.8,0.1925,15–15,15,30,47,50.1,42.5,53,22.7,25.1,34.4,29.6,66.1,45.5,48.4,33.4,35.6,9.5,9.5,59.1,52.6,33.5,34.3,64.4,77.34843950406157,79.983,2.405718856228754,2011,0,0,5.598240000000002,,64.5,65.4,0.965,0.959,9.8098433333333
Tennessee Martin,96.3,109.1,0.1923,10–21,10,31,47.4,52.7,40.1,38.4,21.7,20.9,29.3,35.6,69.4,46.2,53.9,33.4,32.9,6.3,11.4,47.1,57.7,30.6,28.3,69.3,76.2005742411813,78.232,1.3663069544364514,2011,0,0,0.5451600000000028,,74.3,68.6,0.966,1.077,12.624861290323
Stetson,95.8,108.7,0.1896,8–22,8,30,48,51.5,41.2,45.2,23.7,21.5,33.6,36.5,66.6,49.1,49.1,30.5,36.8,8.9,11.1,42.3,60.1,33.5,38.6,66.6,76.70738579190984,79.07849999999999,0.7266906762705081,2011,0,0,0.5775200000000028,,62.2,69.4,0.95,1.066,13.0002
Saint Francis,96.3,109.3,0.189,9–21,9,30,48.4,53.1,36.3,43.2,22.8,20.2,29.6,34.4,67.3,47.7,50.8,33.3,38.8,8.2,11,58.8,58.4,32.2,31.4,66.6,75.16762177650429,78.77950000000001,1.2078752748350992,2011,0,0,3.7025200000000025,,72.7,65.3,0.965,1.078,13.36369
Samford,95.3,108.6,0.1821,10–19,10,29,51.9,51,35.8,33.1,21.5,20.5,19.9,37.3,62,51.3,48.1,35,37,4.8,12.1,65.3,51.1,53.1,39.2,61.5,76.49847219392952,79.6615,2.0908,2011,0,0,6.122880000000003,,67.8,70.5,0.961,1.076,10.494555172414
North Carolina A&T,97.7,111.5,0.1795,12–17,12,29,48.3,49.4,42.9,27.3,21,19.1,31.3,38.4,69,47.3,47.3,33.3,34.9,10.9,12.9,49.6,54.1,35.6,40.6,69.1,76.18789484410027,80.1315,1.4998000799680131,2011,0,0,5.4226800000000015,,67.4,73.2,0.992,1.075,13.356086206897
Eastern Illinois,91.7,104.7,0.1788,7–20,7,27,45.7,49.3,33.3,38.8,22.1,19,32,31,63.7,44.9,46.4,32.1,36.1,7.9,7.5,56.3,61.9,23.6,37.5,64.3,76.16539999999999,78.8725,1.7158000000000007,2011,0,0,2.273680000000002,,71.7,69.1,0.934,1.035,10.234840740741
Texas Southern,90.2,103,0.1786,19–12,19,31,48.4,47.1,48.8,38.9,24.4,23.7,30.6,33.7,67.6,50.3,45.8,30.2,32.9,10.1,9.1,57.1,61,37.7,36.4,65.8,77.64651536453106,80.184,2.118000000000001,2011,0,0,22.030000000000005,,62.9,61.8,0.935,0.945,11.671774193548
Delaware St.,98.2,112.2,0.1776,7–21,7,28,48.5,54.2,27.6,34.6,17.8,24.5,26.9,43.3,60.9,47,54.3,34.1,35.9,10.2,9.3,51,54.1,37,27,60.2,74.69232432432433,77.825,1.3033393321335733,2011,0,0,0.20004000000000285,,72.5,67.2,0.992,1.086,13.668653571429
Manhattan,95.1,108.9,0.1739,6–25,6,31,43.8,51.3,33.7,34.7,21,19,33.7,37.2,63.8,43.5,47.5,29.9,38.5,11.4,8.9,44.3,62.7,22.6,37,64,76.01329787234042,78.9425,1.4696000000000002,2011,0,0,9.660080000000002,,69.9,65.3,0.935,1.085,13.567451612903
Southeast Missouri St.,94.9,109,0.169,9–22,9,31,47.8,49,47.5,43.8,21.5,17.4,30.5,31.3,67.4,47,48.3,33.2,33.7,9,9.1,52.7,49.7,28.2,28.7,68.2,75.7837342030167,79.43400000000001,1.9078000000000004,2011,0,0,6.824360000000002,,61.7,71.9,0.957,1.058,11.168622580645
Mississippi Valley St.,92.8,106.6,0.1688,13–19,13,32,46,48.5,38.8,47.2,23.4,20.4,31.8,30.7,73.5,44.7,48.8,32.4,32,7.2,11.6,52.3,54.8,34,31.6,72.6,75.87721441661574,79.0845,2.4593999999999996,2011,0,0,3.387360000000002,,66.5,69.6,0.923,1.01,17.313953125
North Carolina Central,95.2,109.4,0.1681,11–15,11,26,49.8,51.1,37.6,42.9,22.9,21.8,29.2,35,66.5,48.1,52.6,35.2,32.2,8.2,9.7,48.1,54.4,36,35.6,66.9,75.79303876615255,78.66999999999999,1.8838232353529292,2011,0,0,0.43148000000000236,,71.2,71.9,0.978,1.052,10.167892307692
Niagara,90.3,104.2,0.1616,9–23,9,32,42.1,49.2,39.6,38.4,20.4,22.6,29.7,38.8,68.6,42.6,48.8,27.5,33.3,8.9,11.1,50.5,59.7,35.5,31.5,68.7,75.49857142857142,78.6875,1.2181563687262544,2011,0,0,13.876160000000002,,66,67.6,0.895,1.024,12.61271875
Texas A&M Corpus Chris,93.2,107.7,0.1594,7–21,7,28,47,51.6,40.5,35.9,26.2,19.1,33.7,33.9,65.5,48.8,51.9,28.7,33.9,8.9,8.7,52,56,31.3,31.4,65,77.2967586068049,80.045,1.9776044791041794,2011,0,0,8.158480000000003,,64.6,72.2,0.919,1.073,15.134803571429
Fairleigh Dickinson,93.2,107.8,0.1579,5–24,5,29,44.4,49.3,39.4,37.9,22.1,16.2,33.4,32.3,67.2,42.9,46.6,32.1,36.7,8.8,11.6,52.6,57.6,28.9,31.1,67.1,75.87970388648982,79.731,2.1134226845369075,2011,0,0,0.1999600000000028,,67.5,69.1,0.941,1.062,12.002910344828
Longwood,101.4,117.4,0.1564,8–19,8,27,49.9,55.8,33.5,36.7,19.4,18.3,26.2,37.1,72.2,49.3,56.6,34,36.1,3.4,7.4,59,55.9,35.7,31.4,71.2,75.27619245990418,77.7625,1.9157663065226087,2011,0,0,0.19992000000000285,,69.4,70.9,0.993,1.165,17.745211111111
Bryant,97.6,113.1,0.1551,8–21,8,29,49,53.5,31.7,35.4,20.3,17.9,28.8,34.6,67,45.4,50.5,36.4,39.1,7.4,9.5,56.3,62.2,39.5,37.5,66.3,76.1159114857745,78.0025,1.2083999999999997,2011,0,0,0.36520000000000286,,65.2,71.7,0.981,1.127,13.546210344828
Colgate,94.8,109.9,0.1545,7–23,7,30,46.9,51.4,37.5,44.7,23,16.8,31.5,30.8,68,45.5,51.8,33.5,33.8,8.2,9.4,55.5,56.4,30,33.7,67.8,76.03769760843129,79.31199999999998,1.5826834633073386,2011,0,0,5.967480000000002,,68.2,74.3,0.943,1.099,13.7624
NJIT,92,106.7,0.1539,11–15,11,26,47.9,49.7,33.2,46.6,19.1,19.3,28.9,28.5,68.7,45.1,47.8,35.5,35.5,10,11,49.9,60.1,35.1,35.5,66.2,74.42694300518134,76.629,1.4303999999999997,2011,0,0,0.20000000000000281,,62.1,69.6,0.971,1.022,9.1288307692308
High Point,93.3,108.5,0.1499,10–19,10,29,46.2,51.4,38.3,48.7,22.2,21.3,31.6,34.8,67.7,43.7,51.7,34.7,33.8,7.7,10.3,48.5,49.4,29.4,30.1,67.5,75.432769726248,78.30099999999999,1.5373850459816074,2011,0,0,1.9662800000000025,,67.1,70.7,0.943,1.065,10.309251724138
Dartmouth,90.7,105.5,0.1495,5–23,5,28,44.2,52.1,29.5,36.5,20.6,21.2,26.5,35.5,66.2,42.2,50.1,32.6,37,7.6,10.6,42.5,55.9,28.4,38.4,66.1,76.08670756646215,78.41999999999999,1.443000000000001,2011,0,0,0.20000000000000281,,69.7,70.3,0.895,1.067,12.982935714286
USC Upstate,91.1,106,0.1491,5–25,5,30,43.6,52.1,28,39,22.4,20.1,32.7,34.6,64.6,43.5,52.1,29.1,34.7,10.2,10.5,54.6,56.1,43.8,32.7,64.4,75.68046390721854,78.353,1.2037592481503703,2011,0,0,0.20004000000000288,,60,66.9,0.89,1.066,16.355396666667
Binghamton,95.9,112,0.1437,8–23,8,31,46.8,51.5,28.3,29.3,19.9,17.8,30,37.3,61.6,42.6,48.6,35.4,38.1,9,10.5,52.1,52.1,40.2,33.9,62.6,77.33581780538302,79.8455,2.0819999999999994,2011,0,0,0.5839600000000028,,70.1,69.6,0.967,1.103,10.108316129032
Alabama St.,90.1,105.6,0.1388,15–17,15,32,44.4,46.7,46.7,52.7,23.6,23.4,36.2,33.6,66,44.6,43.5,29.2,36.1,13.1,7.3,55.6,56.7,31.3,29.8,64.9,76.05984123753306,78.341,1.72898318654924,2011,0,0,0.19984000000000285,,60.9,69.2,0.926,0.969,8.67341875
Kennesaw St.,97,113.8,0.1374,7–23,7,30,46.4,52,35.2,32.5,21.3,17.6,33.8,38.1,66.1,46.6,50.7,30.6,36.8,9,9,47.8,55.8,33.4,29.8,65.2,76.99046266233768,80.21300000000001,1.588317663532707,2011,0,0,9.717400000000003,,64.9,66.3,0.957,1.117,12.574533333333
Marist,92.9,109.2,0.1348,6–27,6,33,44.1,49.6,36.3,37.6,21.9,16.4,27.8,33.7,66.5,42.6,48.5,31.1,34.4,7,12.8,47.9,56,38.4,34.5,66.3,76.77312461882497,79.83449999999999,0.8908000000000003,2011,0,0,4.425040000000001,,71.2,70.3,0.902,1.086,15.048033333333
Alabama A&M,86.9,102.2,0.1341,10–15,10,25,43.3,46.5,40.5,42,22.4,23.9,31,34.1,70.7,43.7,45.6,28.2,32.4,13.2,10.4,52.3,55.8,27.1,28.3,69.6,75.37047120418848,78.62549999999999,1.881447421031587,2011,0,0,9.17136,,62.4,61.5,0.884,0.933,9.358948
Sacramento St.,92.2,108.5,0.1333,5–21,5,26,44.4,51.1,37.7,36.7,22.4,17.7,33.4,32.9,64.2,43.8,49.2,30.4,36.2,9.5,12.6,57.3,56.3,33.7,36.3,64.7,75.90668016194331,78.70349999999999,1.8957791558311663,2011,0,0,0.4591600000000028,,68.8,67.3,0.928,1.08,10.443338461538
South Carolina St.,91.8,109.2,0.1196,6–22,6,28,46.6,51.3,32.8,44.7,24.4,20.6,35.8,36.1,67.3,46.1,50.8,31.7,34.8,9.7,10.5,49.1,56.2,32,35.1,67.8,75.38050060557129,79.21800000000002,2.2057177129148338,2011,0,0,0.33200000000000285,,66.9,69.9,0.943,1.063,8.4597178571428
Louisiana Monroe,93.2,111.6,0.1118,5–24,5,29,46.3,54.6,33.7,41.3,22.6,19.6,32.5,31.8,63.1,45.5,52.5,32.1,38.8,4.9,8.2,46.3,57.5,30.8,36.4,63.3,76.29084308188787,79.4935,1.9503999999999997,2011,0,0,13.824720000000001,,64.3,69.8,0.93,1.093,10.632172413793
Florida A&M,87.9,106,0.104,8–20,8,28,43.7,47,40.9,39,23.7,19.9,34.2,36,67.6,43,45.2,29.9,34.2,9.6,8.5,41.2,49.5,35.6,29.4,68.1,75.18137749949506,78.72099999999999,1.6751350270054006,2011,0,0,0.2708400000000026,,61.7,67.1,0.895,1.013,10.015714285714
Georgia Southern,89,107.5,0.1023,2–27,2,29,47.9,55.5,38.2,49.5,25.7,22.6,30.4,34.6,68.1,47.5,55.5,32.6,37,7.5,8.2,51.3,58.3,26.4,34.8,68,75.45911949685535,79.03,0.8601720344068813,2011,0,0,7.943560000000003,,67.8,69.7,0.909,1.095,14.784517241379
Western Illinois,87.2,105.8,0.0977,4–23,4,27,46.4,49.9,38.1,44.1,21.8,17.8,22.1,30.4,62.9,43.5,48.2,34.9,35.5,6.9,8.8,51.3,57.8,32.6,33.8,62.4,77.31066213242647,79.763,1.7947589517903584,2011,0,0,4.509160000000003,,65.2,70.1,0.889,1.059,12.897937037037
UT Rio Grande Valley,92.9,113,0.0951,3–25,3,28,48.4,55.1,42.7,46.5,23,21.1,28.9,32.1,68.7,43.7,51.9,37.3,41.1,4.5,10,53.9,56.5,38.7,32.9,66.8,75.25113589425857,78.0855,1.635127025405081,2011,0,0,7.8890800000000025,,66.8,70.2,0.953,1.1,10.819442857143
Central Arkansas,90.4,110.5,0.0904,2–24,2,26,45.5,56.2,41.5,40.4,22.2,22.2,29.2,35.8,72,44.8,57,31.4,36.2,5.5,12.7,49.3,57.2,32.2,30.4,71.1,76.10240841934832,79.01349999999998,2.1730346069213846,2011,0,0,6.9706800000000015,,63.3,70.6,0.913,1.103,11.649053846154
Toledo,90.3,111.6,0.0805,3–28,3,31,45.7,53.1,42.2,33.6,24.8,19.2,28.1,34.8,64.2,44.9,52.8,31.6,35.7,4.3,12.6,60.7,64.4,33.8,41.6,64.4,76.96740000000001,80.36200000000002,0.9135999999999997,2011,0,0,11.809560000000003,,63.3,70.4,0.884,1.099,15.537093548387
Maryland Eastern Shore,91,113.1,0.0758,7–22,7,29,44.2,53.3,33.7,46.6,20.2,20.6,32.3,36.3,69.8,44.9,53.4,28.3,35.4,4.5,9.3,49.9,57.3,31.1,33.8,70.2,75.40340563551591,78.535,1.9826069572171137,2011,0,0,1.178200000000002,,64.1,68.4,0.927,1.095,10.782444827586
Grambling St.,85.1,106.1,0.0733,12–21,12,33,42.5,47.8,38.5,47.4,21.9,21,29.3,30.9,69.2,41.6,46.7,29.9,34.1,6.8,9.4,48.4,50.1,30.3,25.7,68.4,75.52139917695472,80.61749999999999,1.973610555777689,2011,0,0,0.20008000000000278,,61.4,63,0.863,0.977,8.9236484848485
UMBC,94,117.3,0.0727,5–25,5,30,45.3,55.1,27.9,43.4,19.3,18.5,29.5,34.5,67.1,43.3,53.2,33.1,38.5,4.9,10,49.4,56.7,31.7,41.5,68.4,76.25141357027465,79.988,1.9607999999999999,2011,0,0,0.20000000000000284,,70.7,71.5,0.942,1.151,13.092176666667
Houston Christian,90,112.3,0.0727,5–24,5,29,45.2,52.6,41.6,47.6,22.3,22.2,31,38,73.4,43.4,52,33.1,35.9,6.8,11.2,49.3,57.5,29.6,34.2,71.7,75.90174583840844,79.238,2.242648529705941,2011,0,0,5.015240000000005,,67.8,64.5,0.935,1.066,6.9630448275862
Radford,85.3,107,0.0687,2–24,2,26,42.3,51.6,37.9,40.4,23.8,21.6,30.9,36.5,67.4,40.6,50.2,31,36,8.5,10.4,48,63.4,29.2,37.6,67.6,76.98803730738038,80.94650000000001,1.0932,2011,0,0,0.20000000000000287,,62,64.8,0.853,1.062,12.8649
Howard,86.9,109.6,0.0648,6–24,6,30,42.4,51.8,42.6,44.9,24,20.9,35.2,34.9,66,40.5,50.3,31,36.3,6.5,12,47,62.4,30.5,37.3,66.1,77.20162635529607,79.98199999999999,1.1565686862627476,2011,0,0,0.26628000000000146,,62.3,64.8,0.885,1.059,8.7172033333333
Arkansas Pine Bluff,87.8,110.8,0.0644,7–24,7,31,44.9,52.4,40.1,55.4,24.2,22.3,26.9,31.5,68.4,41.4,50.8,34.4,37.1,6.4,12,56.9,64,34.5,33.4,67.7,74.97409326424871,79.124,2.1546000000000003,2011,0,0,0.20000000000000284,,62.7,65.3,0.863,1.036,12.717912903226
Prairie View A&M,84.5,106.9,0.0627,6–22,6,28,41.8,49,32.6,43.6,21.5,19.8,30.2,35.7,68.4,40.7,48.1,29.3,33.9,9.5,13.5,48.9,54.8,35,33.2,67.9,74.18954380298749,78.5855,1.8669330669330675,2011,0,0,0.26064000000000265,,57.6,61.5,0.855,1.027,13.189582142857
SIU Edwardsville,87.2,111.3,0.057,4–21,4,25,46.7,53.6,33.5,44.4,23.7,18.2,22.1,37,69.9,45.5,53.1,32.4,36.6,6.5,9.8,57.4,58.1,37.5,25.5,70.4,74.92477219749945,78.5675,1.898559423769508,2011,0,0,0.19992000000000285,,67.3,70.8,0.872,1.135,12.59726
Alcorn St.,83.8,109.5,0.0441,4–23,4,27,40.2,49.1,46,42.8,21.5,19.7,25.6,37.3,77.6,37.8,49.7,32.5,31.8,8.1,10.2,42.3,60.4,21.8,31.3,77.6,73.59839839839839,78.339,1.376,2011,0,0,0.20000000000000284,,62.7,65.3,0.837,1.028,15.220477777778
Centenary,83.3,110.6,0.037,1–27,1,28,44.2,55.1,47.6,46.3,26.2,20.7,26.5,39.6,70.7,43.1,56,31.2,35.6,6.4,12.7,49.5,56.5,28.6,33.8,70,75.17886345053147,78.0405,0.8297318927571029,2011,0,0,0.19992000000000282,,62.8,67.7,0.83,1.146,13.934075
Chicago St.,88.6,118,0.0357,4–25,4,29,43.7,55.4,36.2,47.2,22.6,17.5,27.8,35.3,74.2,43.3,54.3,29.9,38.2,6.4,8.8,51.7,64.3,25.7,37.9,72.9,75.70735203768176,79.032,2.497700459908019,2011,0,0,2.008680000000002,,64.2,68.6,0.866,1.17,15.884344827586
Southern,82.1,112.5,0.026,3–24,3,27,42.8,49.2,34.4,36.7,24.7,19.1,28.1,38.8,67.4,42.1,51.1,29.5,30.2,8.2,9.4,56.2,55.9,31.8,32.6,66.1,76.70316146827923,79.30300000000001,1.8121127323605832,2011,0,0,0.20012000000000285,,60.5,67,0.826,1.065,10.159144444444